best_match_score,__id_left,__id_right,registration_code,school_short_name,school_full_name,school_old_name,district,education_office,post_adress,longitude,latitude,places_amount,pupils,staf,students_per_teacher,EONAME,Birth,UkrBall100,UkrBall12,UkrBall,UkrAdaptScale,histBall100,histBall12,histBall,mathBall100,mathBall12,mathBall,physBall100,physBall12,physBall,chemBall100,chemBall12,chemBall,bioBall100,bioBall12,bioBall,geoBall100,geoBall12,geoBall,engBall100,engBall12,engBall,fraBall100,fraBall12,fraBall,deuBall100,deuBall12,deuBall,spaBall100,spaBall12,spaBall
-0.07221390577018162,0_left,42_right,25547142,Гімназія «Провесінь»,Гімназія «Провесінь» Львівської міської ради,"Навчально-виховний комплекс «Школа-садок ""Провесінь""» Львівської міської ради",Личаківський,Відділ освіти Сихівського та Личаківського районів,"79067, м. Львів, вул. Глинянський Тракт, 151б",24.09856722,49.84200779,390.0,324,83.01,3.903144199494037,Львівська лінгвістична гімназія Львівської міської ради Львівської області,2002.7545454545455,169.37962962962962,9.36111111111111,73.75,0.0,162.79661016949152,9.568965517241379,59.16949152542373,160.16363636363636,8.5,35.654545454545456,180.5,,48.5,165.0,9.25,46.888888888888886,168.57142857142858,9.222222222222221,56.07142857142857,157.16666666666666,8.5,54.0,177.12765957446808,10.11111111111111,58.212765957446805,,,,171.66666666666666,9.0,55.333333333333336,,,
-0.07221390577018162,1_left,42_right,25257757,Гімназія «Тривіта»,Гімназія «Тривіта» Львівської міської ради,Загальноосвітня авторська школа «Тривіта» м. Львова,Сихівський,Відділ освіти Сихівського та Личаківського районів,"79066, м. Львів, вул. Зубрівська, 1",24.06428676,49.79865078,342.0,305,57.97,5.261342073486286,Львівська лінгвістична гімназія Львівської міської ради Львівської області,2002.7545454545455,169.37962962962962,9.36111111111111,73.75,0.0,162.79661016949152,9.568965517241379,59.16949152542373,160.16363636363636,8.5,35.654545454545456,180.5,,48.5,165.0,9.25,46.888888888888886,168.57142857142858,9.222222222222221,56.07142857142857,157.16666666666666,8.5,54.0,177.12765957446808,10.11111111111111,58.212765957446805,,,,171.66666666666666,9.0,55.333333333333336,,,
0.43678704195342216,2_left,25_right,37123549,Загальноосвітня середня школа I-III ст. «Лідер» з різними формами навчання,Загальноосвітня середня школа I-III ступенів «Лідер» з різними формами навчання,Середня загальноосвітня школа «Лідер»,Личаківський,Відділ освіти Сихівського та Личаківського районів,"79014, м. Львів, вул. М. Некрасова, 59",24.05840562,49.83627689,660.0,401,63.39,6.3259189146553085,"Загальноосвітня середня школа І-ІІІ ступенів ""Лідер"" з різними формами навчання",2002.0625,134.14285714285714,7.428571428571429,51.357142857142854,0.0,126.0,7.363636363636363,40.27272727272727,163.0,8.0,35.0,,,,,,,141.33333333333334,8.5,44.333333333333336,135.0,6.2,41.4,153.16666666666666,8.166666666666666,45.333333333333336,,,,171.0,,55.0,,,
-0.04390915501545733,3_left,118_right,23887388,Загальноосвітня школа «Берегиня»,Загальноосвітня школа «Берегиня» м. Львова,Загальноосвітня школа «Берегиня»,Личаківський,Відділ освіти Сихівського та Личаківського районів,"79495, м. Львів, Винники, вул. Галицька, 38",24.141412,49.816937,190.0,185,38.17,4.846738276133088,Середня загальноосвітня школа №1 м. Львова,2002.641791044776,155.0,8.296875,63.53125,0.0,125.03191489361703,7.609756097560975,42.46808510638298,147.85714285714286,7.230769230769231,30.107142857142858,184.5,10.0,51.5,143.0,7.0,33.0,141.04761904761904,7.166666666666667,43.523809523809526,141.0,6.785714285714286,45.2,142.4,8.192307692307692,42.82857142857143,,,,89.66666666666667,,28.333333333333332,,,
-0.04292929464330091,4_left,38_right,23887282,Ліцей №24 ім. М. Конопницької ,Ліцей №24 ім. М. Конопницької ,Загальноосвітня школа І-ІІІ ст. №24 ім. М. Конопницької ,Личаківський,Відділ освіти Сихівського та Личаківського районів,"79005, м. Львів, вул. О. Кониського, 4",24.03933056,49.83635615,240.0,289,44.19,6.539941163159085,Львівська загальноосвітня школа І-ІІІ ступенів №24 ім. М. Конопницької,2002.4285714285713,164.5,9.1,69.65,0.0,164.8,9.8,59.8,140.6875,6.8,24.8125,,,,,,,142.75,6.571428571428571,40.375,,,,156.0,8.23076923076923,47.214285714285715,,,,,,,,,
0.5627218865634892,5_left,27_right,25251996,Класична гімназія при Львівському національному університеті ім. Івана Франка,Класична гімназія при Львівському національному університеті ім. Івана Франка,Класична гімназія при Львівському національному університеті ім. Івана Франка,Франківський,Відділ освіти Галицького та Франківського районів,"79041, м. Львів, вул. Порохова, 3",23.98836128,49.8280576,450.0,491,78.14,6.283593550038392,Класична гімназія при Львівському національному університеті імені Івана Франка,2002.8461538461538,179.82692307692307,10.26923076923077,82.57692307692308,0.0,170.43478260869566,10.4,62.91304347826087,155.86486486486487,8.935483870967742,34.45945945945946,179.0,10.0,47.333333333333336,169.75,10.5,49.5,178.84615384615384,11.0,64.76923076923077,,,,178.67391304347825,10.24390243902439,59.02173913043478,,,,,,,,,
0.29560884795320275,6_left,61_right,22336048,Ліцей «Інтелект»,Ліцей “Інтелект“ Львівської міської ради,Львівська спеціалізована школа І-ІІІ ступенів № 69 Львівської міської ради Львівської області,Сихівський,Відділ освіти Сихівського та Личаківського районів,"79034, м. Львів, вул. Запорізька, 20",24.0348972,49.81564625,600.0,481,72.11,6.670364720565803,"Ліцей ""Інтелект"" Львівської міської ради",2002.6153846153845,159.84615384615384,8.76923076923077,65.84615384615384,0.0,150.55555555555554,8.0,48.888888888888886,151.5,7.5,30.0,179.0,,47.0,,,,163.0,9.666666666666666,55.0,162.5,,57.0,150.125,7.625,44.125,181.0,11.0,60.0,,,,,,
-0.03376445562545131,7_left,65_right,23887365,Ліцей «Львівський»,"Ліцей ""Львівський""","Навчально-виховний комплекс ""Школа І ступеня-гімназія""",Личаківський,Відділ освіти Сихівського та Личаківського районів,"79032, м. Львів, вул. Лисеницька, 3",24.08169964,49.81726749,800.0,891,111.19,8.013310549509848,"Ліцей ""Львівський"" Львівської міської ради",2002.8095238095239,171.4875,9.7,77.55,0.0,166.05882352941177,9.764705882352942,61.470588235294116,161.07407407407408,8.666666666666666,37.888888888888886,,,,165.5,9.0,46.0,169.85714285714286,9.8,58.42857142857143,155.0,7.0,51.0,162.33333333333334,8.827586206896552,50.44444444444444,,,,,,,,,
0.29560884795320275,8_left,66_right,26412763,Ліцей «Надія»,"Ліцей ""Надія"" Львівської міської ради","Львівська спеціалізована школа ""Надія"" з поглибленим вивченням предметів еколого-правового профілю",Франківський,Відділ освіти Галицького та Франківського районів,"79060, м. Львів, вул. Наукова, 60",23.99473613,49.80572438,320.0,325,68.11,4.771692849801791,"Ліцей ""Надія"" Львівської міської ради",2002.7142857142858,162.17857142857142,8.678571428571429,67.39285714285714,0.0,149.54347826086956,8.909090909090908,50.391304347826086,144.1,6.142857142857143,26.1,,,,,,,161.125,7.75,51.0,149.66666666666666,7.0,48.666666666666664,153.7391304347826,8.333333333333334,45.91304347826087,,,,,,,,,
0.009603210896681393,9_left,68_right,23887402,Ліцей «Просвіта»,"Ліцей ""Просвіта""",Львівська загальноосвітня школа-інтернат №2 Львівської міської ради,Личаківський,Відділ освіти Сихівського та Личаківського районів,"79008, м. Львів, вул. Просвіти, 2/4",24.038224,49.841922,300.0,192,86.25,2.226086956521739,"Ліцей ""Просвіта"" Львівської міської ради",2002.4666666666667,116.28571428571429,6.571428571428571,48.07142857142857,0.0,86.75,6.285714285714286,32.125,107.22222222222223,5.666666666666667,21.333333333333332,82.0,5.0,16.333333333333332,,,,115.4,6.0,37.6,115.2,5.25,39.8,112.0,6.75,33.8,,,,,,,,,
0.009603210896681393,10_left,69_right,22335988,Ліцей «Сихівський»,"Ліцей ""Сихівський""","Навчально-виховний комплекс «Школа-гімназія ""Сихівська""»",Сихівський,Відділ освіти Сихівського та Личаківського районів,"79070, м. Львів, вул. Г. Хоткевича, 48",24.0441691,49.79653234,1350.0,1397,159.61,8.752584424534803,"Ліцей ""Сихівський"" Львівської міської ради",2002.7088607594937,166.46753246753246,9.415584415584416,71.1948051948052,0.0,158.57575757575756,8.96551724137931,53.24242424242424,154.11320754716982,7.938775510204081,32.60377358490566,136.2,8.0,24.8,130.66666666666666,,27.333333333333332,163.36363636363637,9.125,53.36363636363637,137.85714285714286,6.714285714285714,45.04761904761905,153.44285714285715,8.745762711864407,47.857142857142854,,,,197.0,,69.0,,,
0.29560884795320275,11_left,75_right,22350226,Ліцей №15,Ліцей №15 Львівської міської ради,Спеціалізована середня загальноосвітня школа №15 з поглибленим вивченням англійської та французької мов,Залізничний,Відділ освіти Шевченківського та Залізничного районів,"79040, м. Львів, вул. Є. Патона, 7",23.96400046,49.82081532,822.0,849,116.81,7.268213337899152,Ліцей №15 Львівської міської ради,2002.7608695652175,162.3695652173913,9.0,67.76086956521739,0.0,150.3793103448276,9.173913043478262,51.3448275862069,134.75,6.444444444444445,24.714285714285715,133.5,,23.0,,,,152.0,7.5,46.8,149.16666666666666,7.6,49.666666666666664,158.88235294117646,8.5,48.64705882352941,,,,,,,,,
0.29560884795320275,12_left,77_right,22350284,Ліцей №18,Ліцей №18 Львівської міської ради,Середня загальноосвітня школа №18,Залізничний,Відділ освіти Шевченківського та Залізничного районів,"79021, м. Львів, вул. О. Кульчицької, 18",23.97986231,49.81716308,1015.0,804,116.5,6.901287553648069,Ліцей №18 Львівської міської ради,2002.712765957447,158.5163043478261,8.597826086956522,65.55434782608695,0.0,143.01492537313433,8.366666666666667,46.791044776119406,120.125,6.323529411764706,21.825,134.5,6.0,24.75,132.2,6.0,27.6,136.8421052631579,6.6923076923076925,40.89473684210526,133.0344827586207,6.555555555555555,42.44827586206897,157.83823529411765,8.507936507936508,48.088235294117645,,,,,,,,,
0.29560884795320275,13_left,78_right,20834090,Ліцей №2,Ліцей №2 Львівської міської ради,Львівська спеціалізована середня загальноосвітня школа №2 з поглибленим вивченням англійської мови,Франківський,Відділ освіти Галицького та Франківського районів,"79053, м. Львів, вул. Володимира Великого, 55а",24.00260134,49.80753097,1320.0,1108,147.97,7.488004325201055,Ліцей №2 Львівської міської ради,2002.767857142857,171.01818181818183,9.854545454545455,76.85454545454546,0.0,164.07142857142858,9.851851851851851,63.464285714285715,152.67857142857142,8.0,33.607142857142854,140.0,6.0,25.0,145.0,,34.0,171.5,9.25,59.25,,,,165.7450980392157,9.24,53.15686274509804,,,,,,,,,
0.29560884795320275,14_left,79_right,23887276,Ліцей №21,Ліцей №21 Львівської міської ради,Середня школа №21,Личаківський,Відділ освіти Сихівського та Личаківського районів,"79000, м. Львів, вул. О. Кониського, 8",24.03791904,49.83597444,570.0,563,79.17,7.1112795250726295,Ліцей №21 Львівської міської ради,2002.7096774193549,158.36666666666667,8.666666666666666,65.0,0.0,141.77777777777777,8.11111111111111,45.111111111111114,138.0952380952381,6.666666666666667,26.285714285714285,138.0,,24.0,191.0,11.0,66.0,162.83333333333334,,53.833333333333336,124.66666666666667,,36.333333333333336,135.71428571428572,7.607142857142857,43.42857142857143,,,,100.0,,17.0,,,
0.29560884795320275,15_left,80_right,23266976,Ліцей №28,Ліцей №28 Львівської міської ради,Спеціалізована середня загальноосвітня школа №28 з поглибленим вивченням німецької мови,Галицький,Відділ освіти Галицького та Франківського районів,"79011, м. Львів, вул. Тютюнників, 2",24.03627319,49.82988089,800.0,870,108.94,7.986047365522307,Ліцей №28 Львівської міської ради,2002.8166666666666,177.05833333333334,10.166666666666666,80.35,0.0,161.54166666666666,9.636363636363637,57.416666666666664,163.0,8.384615384615385,36.285714285714285,156.0,9.0,35.5,147.5,5.5,37.25,168.3,9.8,59.4,130.47058823529412,7.0,41.64705882352941,164.625,8.842105263157896,51.75,163.0,,51.0,163.42105263157896,9.241379310344827,52.39473684210526,,,
0.29560884795320275,16_left,81_right,23887129,Ліцей №37,Ліцей №37 Львівської міської ради,Львівська спеціалізована середня загальноосвітня школа №37 з поглибленим вивченням французької мови,Личаківський,Відділ освіти Сихівського та Личаківського районів,"79010, м. Львів, вул. Солодова, 6",24.04899776,49.8413406,620.0,602,88.41,6.809184481393507,Ліцей №37 Львівської міської ради,2002.8181818181818,179.72727272727272,10.272727272727273,82.75757575757575,0.0,169.0,9.733333333333333,62.666666666666664,165.0,8.833333333333334,38.05263157894737,,,,184.75,10.0,60.75,172.69230769230768,10.285714285714286,61.07692307692308,157.25,9.0,54.0,166.1304347826087,8.9375,54.391304347826086,172.0,10.5,55.5,,,,,,
0.29560884795320275,17_left,82_right,22350232,Ліцей №38,Ліцей №38 Львівської міської ради,Навчально-виховний комплекс «Школа-садок І-ІІІ ступенів №38» міста Львова,Шевченківський,Відділ освіти Шевченківського та Залізничного районів,"79069, м. Львів, вул. Порічкова, 4а",23.96148586,49.86696475,600.0,556,93.6,5.94017094017094,Ліцей №38 Львівської міської ради,2002.576923076923,147.8,8.32,62.56,0.0,120.76470588235294,7.352941176470588,40.76470588235294,156.9090909090909,8.666666666666666,33.54545454545455,169.5,9.0,42.25,,,,155.0,8.0,46.0,133.88888888888889,6.0,41.44444444444444,138.73333333333332,7.916666666666667,41.4,,,,,,,,,
0.29560884795320275,18_left,73_right,20834322,Ліцей №45,Ліцей №45 Львівської міської ради,Львівська спеціалізована середня загальноосвітня школа І-ІІІ ст. №45 з поглибленим вивченням англійської мови,Франківський,Відділ освіти Галицького та Франківського районів,"79060, м. Львів, вул. Наукова, 25",23.99227995,49.802155400000004,1200.0,1002,137.16,7.305336832895888,Ліцей № 45 Львівської міської ради,2002.671052631579,163.34666666666666,9.04,68.62666666666667,0.0,145.83333333333334,8.36,48.407407407407405,146.86274509803923,7.3,28.823529411764707,171.5,,42.0,,,,154.375,6.0,47.75,168.33333333333334,7.333333333333333,61.0,170.75,9.588235294117647,54.89705882352941,,,,,,,,,
0.6529961515837608,19_left,83_right,20834339,Ліцей №46 ім. В'ячеслава Чорновола,Ліцей №46 ім. В'ячеслава Чорновола Львівської міської ради,Спеціалізована середня загальноосвітня школа №46 з поглибленим вивченням англійської мови імені В´ячеслава Чорновола,Франківський,Відділ освіти Галицького та Франківського районів,"79060, м. Львів, вул. Наукова, 90",23.99128714,49.80690954,1100.0,1152,143.81,8.010569501425493,Ліцей №46 ім.В'ячеслава Чорновола Львівської міської ради,2002.7971014492753,164.40441176470588,8.985294117647058,69.44117647058823,0.0,144.21666666666667,8.222222222222221,47.63333333333333,158.8780487804878,8.048780487804878,33.8780487804878,130.6,,23.0,145.5,5.0,35.5,152.58333333333334,8.0,46.583333333333336,162.42857142857142,8.875,57.642857142857146,158.9298245614035,8.745098039215685,49.43859649122807,,,,,,,,,
0.5364839731822426,20_left,84_right,20834187,Ліцей №5 ім. Іванни та Іллі Кокорудзів,Ліцей №5 ім. Іванни та Іллі Кокорудзів Львівської міської ради,Львівська спеціалізована середня загальноосвітня школа І-ІІІ ступенів №5 імені Кокорудзів з поглибленим вивченням англійської мови,Франківський,Відділ освіти Галицького та Франківського районів,"79044, м. Львів, вул. І. Кокорудза, 9",24.00398911,49.83204828,620.0,615,85.29,7.210692930003518,Ліцей №5 імені Іванни та Іллі Кокорудзів Львівської міської ради,2002.7380952380952,172.46428571428572,9.738095238095237,76.45238095238095,0.0,167.14285714285714,9.789473684210526,61.23809523809524,147.76,7.217391304347826,28.08,143.33333333333334,4.5,30.333333333333332,139.0,,31.0,163.75,8.0,52.625,150.5,8.25,51.4,167.37142857142857,9.366666666666667,53.05714285714286,,,,,,,,,
0.3348118899217255,21_left,74_right,20834368,Ліцей №51 ім. Івана Франка,Ліцей №51 ім. Івана Франка Львівської міської ради,Львівська середня загальноосвітня школа №51 імені Івана Франка з поглибленим вивченням англійської мови,Франківський,Відділ освіти Галицького та Франківського районів,"79015, м. Львів, вул. Скісна, 1",23.99178961,49.83239604,760.0,747,107.2,6.968283582089553,Ліцей № 51 імені Івана Франка Львівської міської ради,2002.6666666666667,164.46153846153845,8.871794871794872,69.23076923076923,0.0,154.74,9.083333333333334,56.28,150.05882352941177,7.538461538461538,29.0,100.0,,12.0,149.5,,37.75,170.9,9.1,57.8,154.33333333333334,10.0,52.666666666666664,162.86206896551724,8.74074074074074,50.758620689655174,,,,0.0,2.0,10.0,,,
0.5152586998896039,22_left,85_right,22350396,Ліцей №52 ім. М. Лобачевського,Ліцей №52 ім. М. Лобачевського Львівської міської ради,Спеціалізована середня загальноосвітня школа №52 ім. М. Лобачевського з поглибленим вивченням математичних наук,Галицький,Відділ освіти Галицького та Франківського районів,"79007, м. Львів, вул. М. Гоголя, 17",24.01610016,49.84128049,850.0,559,83.87,6.665076904733517,Ліцей №52 ім. М. Лобачевського Львівської міської ради,2002.561403508772,161.57894736842104,8.929824561403509,67.3859649122807,0.0,132.6875,7.666666666666667,42.25,165.69565217391303,9.093023255813954,38.34782608695652,164.66666666666666,11.5,44.0,158.75,10.0,43.25,157.83333333333334,8.5,49.833333333333336,130.8,5.666666666666667,39.2,161.0222222222222,8.772727272727273,50.84444444444444,,,,,,,,,
0.5564429814531889,23_left,86_right,23888637,Ліцей №57 ім. Короля Данила,Ліцей №57 імені Короля Данила Львівської міської ради,Львівська спеціалізована школа І-ІІІ ступенів №57 імені Короля Данила з поглибленим вивченням англійської мови,Шевченківський,Відділ освіти Шевченківського та Залізничного районів,"79019, м. Львів, вул. Жовківська, 6",24.03340413,49.85346288,490.0,453,66.03,6.860517946388005,Ліцей №57 імені Короля Данила Львівської міської ради,2002.590909090909,137.45454545454547,7.818181818181818,58.81818181818182,0.0,128.07692307692307,8.818181818181818,46.69230769230769,145.58333333333334,6.916666666666667,27.166666666666668,152.0,7.666666666666667,33.333333333333336,,,,122.6,6.75,42.0,150.0,4.0,52.0,143.73333333333332,8.0,44.06666666666667,,,,,,,,,
0.29560884795320275,24_left,88_right,20834397,Ліцей №66,Ліцей №66 Львівської міської ради,Спеціалізована середня загальноосвітня школа І-ІІІ ступенів №66 з поглибленим вивченням англійської мови та інформаційних технологій,Франківський,Відділ освіти Галицького та Франківського районів,"79060, м. Львів, вул. Наукова, 92",23.99014074,49.80618223,1200.0,1031,136.22,7.568638966377917,Ліцей №66 Львівської міської ради,2002.7313432835822,157.6076923076923,8.430769230769231,64.47692307692307,0.0,137.6315789473684,7.638888888888889,42.76315789473684,137.66666666666666,7.0,26.22222222222222,164.0,9.0,37.5,175.5,12.0,54.5,142.1,7.2,39.6,135.7391304347826,6.5,44.69565217391305,149.26190476190476,8.0,44.61904761904762,,,,,,,,,
0.5664773146419882,25_left,90_right,22350195,Ліцей №75 ім. Лесі Українки,Ліцей №75 імені Лесі Українки Львівської міської ради,Середня загальноосвітня школа №75 імені Лесі Українки,Залізничний,Відділ освіти Шевченківського та Залізничного районів,"79000, м. Львів, вул. В. Караджича, 7",23.97071153,49.82356595,987.0,925,124.0,7.459677419354839,Ліцей №75 імені Лесі Українки Львівської міської ради,2002.8,165.9857142857143,9.271428571428572,71.2,0.0,145.0212765957447,8.692307692307692,49.829787234042556,142.6969696969697,7.15625,28.575757575757574,177.0,10.0,46.0,152.25,8.5,39.75,156.3,7.333333333333333,50.1,134.0,6.0,45.18181818181818,166.48333333333332,9.192982456140351,52.55,,,,,,,,,
0.29560884795320275,26_left,91_right,23887112,Ліцей №8,Ліцей №8 Львівської міської ради,Львівська спеціалізована загальноосвітня школа №8 з поглибленим вивченням німецької мови,Личаківський,Відділ освіти Сихівського та Личаківського районів,"79008, м. Львів, вул. Підвальна, 2",24.03556453,49.84240321,374.0,592,88.02,6.725744149057032,Ліцей №8 Львівської міської ради,2002.6190476190477,174.64634146341464,10.268292682926829,80.46341463414635,0.0,159.59375,9.6875,61.1875,167.76,9.0,39.04,75.5,7.0,20.0,180.25,9.0,57.75,174.14285714285714,8.666666666666666,60.57142857142857,169.0,8.0,60.0,162.0,9.166666666666666,50.57142857142857,,,,170.80645161290323,9.65,54.806451612903224,,,
0.03504704375213255,27_left,65_right,22336367,Ліцей №80,Ліцей №80 Львівської міської ради,"Навчально-виховний комплекс «Школа-садок ""Софія""»",Сихівський,Відділ освіти Сихівського та Личаківського районів,"79034, м. Львів, вул. Героїв Крут, 27",24.04361265,49.81414977,716.0,673,142.35,4.727783631893222,"Ліцей ""Львівський"" Львівської міської ради",2002.8095238095239,171.4875,9.7,77.55,0.0,166.05882352941177,9.764705882352942,61.470588235294116,161.07407407407408,8.666666666666666,37.888888888888886,,,,165.5,9.0,46.0,169.85714285714286,9.8,58.42857142857143,155.0,7.0,51.0,162.33333333333334,8.827586206896552,50.44444444444444,,,,,,,,,
0.370784598123313,28_left,92_right,23888666,Ліцей №81 ім. Петра Сагайдачного,Ліцей №81 імені Петра Сагайдачного Львівської міської ради,Львівська спеціалізована середня загальноосвітня школа №81 ім. П. Сагайдачного з поглибленим вивченням англійської мови,Шевченківський,Відділ освіти Шевченківського та Залізничного районів,"79068, м. Львів, вул. Гетьмана І. Мазепи, 1а",24.02602589,49.87181601,1174.0,1062,141.11,7.526043512153637,Ліцей №81 ім.Петра Сагайдачного Львівської міської ради,2002.7317073170732,168.46296296296296,9.395061728395062,72.90123456790124,0.0,146.1315789473684,8.59375,49.86842105263158,161.46,8.520833333333334,35.56,145.6,11.0,29.6,146.0,11.0,46.666666666666664,167.7,9.0,56.8,161.0,8.0,57.7,166.67605633802816,9.217391304347826,52.76056338028169,,,,,,,,,
0.29560884795320275,29_left,93_right,22337332,Ліцей №93,Ліцей №93 Львівської міської ради,Середня спеціалізована загальноосвітня школа №93 з поглибленим вивченням англійської мови,Сихівський,Відділ освіти Сихівського та Личаківського районів,"79066, м. Львів, вул. А. Кос-Анатольського, 10",24.06429146,49.7888911,1300.0,1572,173.39,9.06626679739316,Ліцей №93 Львівської міської ради,2002.701923076923,172.22596153846155,9.586538461538462,75.92307692307692,0.0,154.7450980392157,9.404761904761905,52.8235294117647,149.0958904109589,7.67741935483871,30.15068493150685,130.5,,21.5,139.33333333333334,8.0,31.666666666666668,164.07142857142858,9.571428571428571,53.5,151.94,7.25,53.4,171.8842105263158,9.786516853932584,55.421052631578945,,,,155.0,,47.0,,,
0.29560884795320275,30_left,94_right,26205165,Ліцей №94,Ліцей №94 Львівської міської ради,Навчально-виховний комплекс «Школа-садок №94»,Шевченківський,Відділ освіти Шевченківського та Залізничного районів,"79069, м. Львів, вул. Брюховицька, 99",23.95837169,49.87241365,825.0,514,117.76,4.364809782608695,Ліцей №94 Львівської міської ради,2002.8620689655172,166.25862068965517,9.310344827586206,71.13793103448276,0.0,120.64285714285714,7.090909090909091,40.42857142857143,153.33333333333334,7.65,31.095238095238095,194.0,11.0,59.0,166.0,10.0,46.5,141.0,6.75,41.25,116.83333333333333,5.6,40.666666666666664,141.57142857142858,7.6875,41.857142857142854,,,,,,,,,
-0.022575413708832485,31_left,72_right,20834428,Ліцей ім. В. Симоненка,Ліцей ім. В. Симоненка Львівської міської ради,Львівський навчально-виховний комплекс ім. В. Симоненка з поглибленим вивченням німецької мови,Франківський,Відділ освіти Галицького та Франківського районів,"79071, м. Львів, вул. В.Симоненка, 6",23.98604835,49.80913449,1547.0,1248,156.84,7.957153787299157,Ліцей імені Василя Симоненка Львівської міської ради,2002.8260869565217,182.6985294117647,10.5,85.07352941176471,0.0,164.06,9.818181818181818,59.36,170.4375,9.304347826086957,40.666666666666664,146.0,8.0,30.0,175.57142857142858,10.0,53.857142857142854,180.25,10.2,63.875,170.27777777777777,8.555555555555555,62.27777777777778,168.325,9.35135135135135,53.625,,,,170.21428571428572,10.181818181818182,54.57142857142857,,,
-0.2593436756080318,32_left,71_right,20834411,Ліцей ім. І. Пулюя,Ліцей ім. І. Пулюя,Середня загальноосвітня школа І-ІІІ ступенів №83 м. Львова,Франківський,Відділ освіти Галицького та Франківського районів,"79071, м. Львів, вул. І. Пулюя, 16",23.98295169,49.80314825,700.0,674,96.18,7.0076939072572255,Ліцей імені Івана Пулюя Львівської міської ради,2002.6571428571428,160.75,8.764705882352942,66.58823529411765,0.0,149.54166666666666,8.65,49.041666666666664,140.86666666666667,6.357142857142857,24.666666666666668,,,,,,,144.83333333333334,7.0,41.0,143.08333333333334,7.875,50.75,135.72,7.285714285714286,38.4,,,,,,,,,
0.6529961515837608,33_left,70_right,20834405,Ліцей міжнародних відносин ім. В. Стуса,Ліцей міжнародних відносин ім. В. Стуса Львівської міської ради,Львівський навчально-виховний комплекс ім. В. Стуса «Спеціалізована школа І ступеня - гімназія міжнародних відносин»,Франківський,Відділ освіти Галицького та Франківського районів,"79057, м. Львів, вул. Повстанська, 14",24.00041429,49.82591737,900.0,938,127.14,7.377693880761365,Ліцей міжнародних відносин ім. В. Стуса Львівської міської ради,2002.719298245614,170.4561403508772,9.631578947368421,74.52631578947368,0.0,164.8125,9.652173913043478,60.208333333333336,161.02564102564102,8.352941176470589,35.12820512820513,,,,153.33333333333334,,39.0,192.5,11.5,74.5,154.66666666666666,6.0,51.666666666666664,169.84615384615384,9.5,54.40384615384615,,,,,,,,,
0.5615746344033661,34_left,34_right,20821733,Львівська академічна гімназія при Національному університеті «Львівська політехніка»,"Львівська академічна гімназія при Національному університеті ""Львівська політехніка""","Львівська академічна гімназія при Національному університеті ""Львівська політехніка""",Галицький,Відділ освіти Галицького та Франківського районів,"79013, м. Львів, вул. С. Бандери, 14",24.01267178,49.83486255,650.0,720,105.81,6.804649844060108,"Львівська академічна гімназія при Національному університеті ""Львівська політехніка""",2002.8494623655913,181.30107526881721,10.559139784946236,83.83870967741936,0.0,172.75,11.428571428571429,66.65,173.6265060240964,9.542168674698795,42.602409638554214,174.0,11.5,45.25,144.5,,35.0,175.08333333333334,9.5,60.166666666666664,163.2,8.0,57.6,177.54761904761904,10.095890410958905,58.464285714285715,,,,157.0,,48.0,,,
0.22819264088634006,35_left,35_right,22350344,Львівська гімназія «Євшан»,"Львівська гімназія ""Євшан""","Львівська гімназія ""Євшан""",Залізничний,Відділ освіти Шевченківського та Залізничного районів,"79054, м. Львів, вул. Любінська, 93а",23.97557128,49.82044905,399.0,514,75.48,6.809750927397987,"Львівська гімназія ""Євшан""",2002.7045454545455,183.7840909090909,10.545454545454545,86.11363636363636,0.0,172.1153846153846,11.0,66.6923076923077,174.71794871794873,9.857142857142858,43.256410256410255,113.0,,16.0,181.0,,57.0,193.66666666666666,11.5,75.66666666666667,174.0,9.0,65.33333333333333,175.425,9.921052631578947,57.25,,,,177.0,,58.0,,,
0.5457744589345103,36_left,36_right,35664577,Львівська гімназія «Престиж» з поглибленим вивченням іноземних мов,"Львівська гімназія ""Престиж"" з поглибленим вивченням іноземних мов","Львівська гімназія ""Престиж"" з поглибленим вивченням іноземних мов",Шевченківський,Відділ освіти Шевченківського та Залізничного районів,"79007, м. Львів, вул. Ветеранів, 11",24.01808557,49.84998827,936.0,898,112.39,7.990034700596138,"Львівська гімназія ""Престиж"" з поглибленим вивченням іноземних мов Львівської міської ради",2002.7894736842106,170.2,9.505263157894737,74.3578947368421,0.0,161.19354838709677,9.148148148148149,56.096774193548384,156.1014492753623,8.205882352941176,34.36231884057971,160.5,,37.0,161.6,8.666666666666666,45.0,180.0,10.4,63.75,148.85714285714286,10.0,50.142857142857146,168.36363636363637,9.421686746987952,54.19318181818182,,,,184.66666666666666,,62.0,,,
0.4991786813751984,37_left,37_right,20834173,Львівська державна комунальна середня загальноосвітня школа №3,Львівська державна комунальна середня загальноосвітня школа №3,Львівська державна комунальна середня загальноосвітня школа №3,Галицький,Відділ освіти Галицького та Франківського районів,"79013, м. Львів, вул. С. Бандери, 11",24.0171612,49.8349472,400.0,574,75.44,7.608695652173912,Львівська державна комунальна середня загальноосвітня школа №3,2002.888888888889,158.11111111111111,8.5,64.0,0.0,136.63636363636363,8.6,47.0,145.71428571428572,6.714285714285714,26.571428571428573,,,,173.0,10.0,51.0,164.0,,51.0,162.66666666666666,8.0,57.333333333333336,155.1875,8.3125,46.8125,,,,,,,,,
0.29006276906750644,38_left,41_right,23887359,Львівська загальноосвітня школа I-III ст. №82,Львівська загальноосвітня школа I-III ступенів №82 Львівської міської ради Львівської області,Львівська загальноосвітня школа І-ІІІ ступенів №82 Львівської міської ради,Личаківський,Відділ освіти Сихівського та Личаківського районів,"79032, м. Львів, вул. П. Шафарика, 13",24.07270413,49.81779871,1000.0,1033,135.78,7.607895124466047,Львівська загальноосвітня школа І-ІІІ ступенів №82 Львівської міської ради Львівської області,2002.78,162.80612244897958,9.142857142857142,70.0,0.0,155.11764705882354,9.625,57.85294117647059,142.43478260869566,7.222222222222222,28.08695652173913,,,,,,,156.28571428571428,8.0,48.57142857142857,137.23529411764707,6.0,45.1764705882353,155.53658536585365,8.342105263157896,46.926829268292686,,,,,,,,,
0.6463359475151661,39_left,39_right,23888598,Львівська загальноосвітня школа І-ІІІ ст. №43,Львівська загальноосвітня школа І-ІІІ ступенів №43 Львівської міської ради Львівської області,Львівська загальноосвітня школа І-ІІІ ступенів №43,Шевченківський,Відділ освіти Шевченківського та Залізничного районів,"79020, м. Львів, вул. Т. Масарика, 9",24.01345371,49.8603351,980.0,768,96.87,7.928151130380923,Львівська загальноосвітня школа І-ІІІ ступенів №43 Львівської міської ради Львівської області,2002.6842105263158,152.96052631578948,8.526315789473685,64.1842105263158,0.0,144.86363636363637,8.294117647058824,47.27272727272727,153.04545454545453,7.7727272727272725,31.227272727272727,116.0,4.333333333333333,17.0,126.71428571428571,9.0,33.57142857142857,114.625,5.8,33.625,149.55555555555554,6.8,49.111111111111114,154.23809523809524,8.157894736842104,46.142857142857146,,,,,,,,,
0.6463359475151661,40_left,40_right,22350217,Львівська загальноосвітня школа І-ІІІ ст. №74,Львівська загальноосвітня школа І-ІІІ ступенів №74 Львівської міської ради Львівської області,Львівська середня загальноосвітня школа №74 Львівської міської ради,Залізничний,Відділ освіти Шевченківського та Залізничного районів,"79493, м. Львів, смт Рудно, вул. І. Огієнка, 9",23.877066,49.836192,1077.0,875,105.67,8.280495883410618,Львівська загальноосвітня школа І-ІІІ ступенів №74 Львівської міської ради Львівської області,2002.9130434782608,169.52173913043478,9.434782608695652,73.3913043478261,0.0,150.1818181818182,10.0,48.0,154.05263157894737,7.888888888888889,31.31578947368421,142.66666666666666,6.5,27.0,,,,138.0,6.0,37.0,142.42857142857142,,46.57142857142857,159.42105263157896,8.68421052631579,49.10526315789474,,,,,,,,,
0.048339482865746894,41_left,42_right,34711678,Львівська лінгвістична гімназія,Львівська лінгвістична гімназія,Львівська лінгвістична гімназія,Галицький,Відділ освіти Галицького та Франківського районів,"79005, м. Львів, вул. Кирила і Мефодія, 17а",24.031106899999997,49.83232226,800.0,808,116.53,6.933836780228268,Львівська лінгвістична гімназія Львівської міської ради Львівської області,2002.7545454545455,169.37962962962962,9.36111111111111,73.75,0.0,162.79661016949152,9.568965517241379,59.16949152542373,160.16363636363636,8.5,35.654545454545456,180.5,,48.5,165.0,9.25,46.888888888888886,168.57142857142858,9.222222222222221,56.07142857142857,157.16666666666666,8.5,54.0,177.12765957446808,10.11111111111111,58.212765957446805,,,,171.66666666666666,9.0,55.333333333333336,,,
0.22819264088634006,42_left,43_right,23888519,Львівська правнича гімназія,Львівська правнича гімназія,Львівська правнича гімназія,Шевченківський,Відділ освіти Шевченківського та Залізничного районів,"79007, м. Львів, вул. М. Леонтовича, 2",24.01850199,49.84345448,600.0,559,82.64,6.764278799612779,Львівська правнича гімназія,2002.7763157894738,170.78947368421052,9.486842105263158,74.48684210526316,0.0,165.24468085106383,10.0,59.851063829787236,155.84615384615384,7.842105263157895,32.17948717948718,152.0,7.0,30.666666666666668,171.0,9.0,50.0,169.33333333333334,9.333333333333334,57.0,144.28571428571428,7.0,46.857142857142854,159.90625,8.932203389830509,49.953125,,,,153.0,,46.0,,,
0.13119147408372872,43_left,45_right,23887253,Львівська середня загальноосвітня школа I-III ст. №7,Львівська середня загальноосвітня школа I-III №7 Львівської міської ради,Львівська середня загальноосвітня школа І-ІІІ ступенів №7 Львівської міської ради,Личаківський,Відділ освіти Сихівського та Личаківського районів,"79024, м. Львів, вул. Б. Хмельницького, 132",24.04649536,49.85639665,630.0,619,77.31,8.006726167378089,Львівська середня загальноосвітня школа І-ІІІ ступенів №7 Львівської міської ради,2002.7058823529412,162.02941176470588,8.882352941176471,67.38235294117646,0.0,145.10526315789474,8.421052631578947,48.473684210526315,150.94117647058823,7.4375,29.470588235294116,,,,156.33333333333334,9.0,42.0,145.0,6.846153846153846,41.875,138.3,6.5,43.6,141.11111111111111,7.3125,39.166666666666664,,,,,,,,,
-0.059748008888106253,44_left,39_right,23887394,Львівська середня загальноосвітня школа I-III ст. №71,Львівська середня загальноосвітня школа I-III ступенів №71 Львівської міської ради Львівської області,Львівська середня загальноосвітня школа №71,Личаківський,Відділ освіти Сихівського та Личаківського районів,"79000, м. Львів, вул. Кривчицька Дорога, 92",24.08407482,49.84774975,380.0,111,33.44,3.319377990430622,Львівська загальноосвітня школа І-ІІІ ступенів №43 Львівської міської ради Львівської області,2002.6842105263158,152.96052631578948,8.526315789473685,64.1842105263158,0.0,144.86363636363637,8.294117647058824,47.27272727272727,153.04545454545453,7.7727272727272725,31.227272727272727,116.0,4.333333333333333,17.0,126.71428571428571,9.0,33.57142857142857,114.625,5.8,33.625,149.55555555555554,6.8,49.111111111111114,154.23809523809524,8.157894736842104,46.142857142857146,,,,,,,,,
0.6444588527670241,45_left,44_right,23888608,Львівська середня загальноосвітня школа І-ІІІ ст. №44 ім. Т. Г. Шевченка,Львівська середня загальноосвітня школа І-ІІІ ступенів №44 імені Т. Г. Шевченка,Львівська середня загальноосвітня школа І-ІІІ ступенів №44 імені Тараса Шевченка,Шевченківський,Відділ освіти Шевченківського та Залізничного районів,"79039, м. Львів, вул. Я. Пстрака, 1",24.01365951,49.84532524,641.0,680,83.36,8.157389635316699,Львівська середня загальноосвітня школа І-ІІІ ступенів №44 ім. Т. Г. Шевченка,2002.625,169.765625,9.53125,74.84375,0.0,152.16666666666666,8.933333333333334,57.46666666666667,153.95,8.157894736842104,34.7,126.0,,20.0,108.75,8.5,28.5,142.0,7.0,41.25,135.375,7.333333333333333,49.0,157.7391304347826,8.722222222222221,48.0,,,,,,,,,
1.048921529761656,46_left,46_right,22336025,Львівська середня загальноосвітня школа східних мов та бойових мистецтв «Будокан» з поглибленим вивченням іноземних мов,Львівська середня загальноосвітня школа східних мов та бойових мистецтв «Будокан» з поглибленим вивченням іноземних мов,Львівська середня загальноосвітня школа східних мов та східних бойових мистецтв «Будокан» з поглибленим вивченням іноземних мов,Галицький,Відділ освіти Галицького та Франківського районів,"79005, м. Львів, вул. В. Шухевича, 2",24.03401472,49.83716219,500.0,299,75.48,3.9613142554319016,"Львівська середня загальноосвітня школа східних мов та східних бойових мистецтв ""Будокан"" з поглибленим вивченням іноземних мов",2002.6153846153845,148.08333333333334,8.0,56.416666666666664,0.0,108.83333333333333,6.2,33.833333333333336,141.28571428571428,6.714285714285714,25.428571428571427,116.0,4.0,17.0,138.0,9.0,32.0,151.5,9.0,50.0,,,,119.625,6.285714285714286,33.75,,,,,,,,,
0.9946841615664692,47_left,48_right,22350373,Львівська українська гімназія ім. Олени Степанів з поглибленим вивченням українознавства та англійської мови ,Львівська українська гімназія ім. Олени Степанів з поглибленим вивченням українознавства та англійської мови ,Львівська українська гімназія ім. Олени Степанів з поглибленим вивченням українознавства та англійської мови ,Залізничний,Відділ освіти Шевченківського та Залізничного районів,"79016, м. Львів, вул. О. Степанівни, 13",24.00769322,49.84233425,710.0,583,96.53,6.039573189681964,Львівська українська гуманітарна гімназія ім. Олени Степанів з поглибленим вивченням українознавства та англійської мови,2002.7575757575758,174.78787878787878,9.727272727272727,78.15151515151516,0.0,165.83333333333334,9.964285714285714,60.93939393939394,156.56410256410257,7.918918918918919,32.35897435897436,,,,,,,165.8,9.375,55.2,152.75,6.5,52.125,171.54098360655738,9.446808510638299,55.26229508196721,,,,,,,,,
0.7867315083794749,48_left,58_right,13807543,Львівський фізико-математичний ліцей-інтернат при Львівському національному університеті ім. Івана Франка,Львівський фізико-математичний ліцей-інтернат при Львівському національному університеті ім. Івана Франка,Львіський фізико-математичний ліцей-інтернат при Львівському національному університеті ім. Івана Франка,Залізничний,Відділ освіти Шевченківського та Залізничного районів,"79054, м. Львів, вул. В. Караджича, 29",23.97040692,49.82582566,407.0,581,119.56,4.859484777517563,Львівський фізико-математичний ліцей-інтернат при Львівському національному університеті імені Івана Франка,2002.7974683544303,183.85256410256412,10.724358974358974,86.32692307692308,0.0,153.0,12.0,53.75,187.1741935483871,10.890322580645162,51.806451612903224,180.86904761904762,10.897435897435898,49.79761904761905,184.88888888888889,10.96,61.44444444444444,183.0,10.666666666666666,66.77777777777777,177.0,,67.77777777777777,181.05,10.623529411764705,60.333333333333336,,,,,,,,,
0.6792097142734288,49_left,59_right,22350309,Львівський художній ліцей при Львівській національній академії мистецтв,Львівський художній ліцей при Львівській національній академії мистецтв,Львівський художній ліцей при Львівській національній академії мистецтв,Залізничний,Відділ освіти Шевченківського та Залізничного районів,"79018, м. Львів, вул. Хотинська, 6",24.004907199999998,49.83802329,300.0,124,31.14,3.982016698779705,Львівський художній ліцей при Львівській національній академії мистецтв,2002.657894736842,154.28571428571428,8.428571428571429,61.74285714285714,0.0,134.41666666666666,7.933333333333334,45.3,138.1818181818182,6.333333333333333,22.90909090909091,0.0,,8.0,137.0,6.5,30.0,168.0,9.0,57.666666666666664,136.7,5.857142857142857,43.6,137.04,6.9523809523809526,36.92,,,,,,,,,
0.48959455236295213,50_left,97_right,22366871,Навчально-виховний комплекс «Інженерно-економічна школа-Львівський економічний ліцей»,"Навчально-виховний комплекс ""Інженерно-економічна школа-Львівський економічний ліцей""","Навчально-виховний комплекс ""Інженерно-економічна школа-Львівський економічний ліцей""",Шевченківський,Відділ освіти Шевченківського та Залізничного районів,"79059, м. Львів, вул. М. Хвильового, 35",24.03956621,49.87025291,290.0,263,42.5,6.188235294117647,"Навчально-виховний комплекс ""Інженерно-економічна школа-Львівський економічний ліцей"" Львіської міської ради",2002.84,164.27,9.26,71.06,0.0,135.15,8.8,43.05,159.04651162790697,8.214285714285714,34.372093023255815,161.42857142857142,9.333333333333334,39.142857142857146,147.0,7.0,35.5,141.8181818181818,7.375,40.63636363636363,163.66666666666666,8.333333333333334,58.0,159.97222222222223,8.65625,49.25,,,,,,,,,
-0.37283634717370706,51_left,97_right,23885337,"Навчально-виховний комплекс «Один, два, три»","Львівський навчально-виховний комплекс «Один, два, три» Львівської міської ради Львівської області","Навчально-виховний комплекс «Школа-садок – 1,2,3»",Залізничний,Відділ освіти Шевченківського та Залізничного районів,"79054, м. Львів, вул. Любінська, 89в",23.97722915,49.82187658,228.0,130,64.04,2.02998126171143,"Навчально-виховний комплекс ""Інженерно-економічна школа-Львівський економічний ліцей"" Львіської міської ради",2002.84,164.27,9.26,71.06,0.0,135.15,8.8,43.05,159.04651162790697,8.214285714285714,34.372093023255815,161.42857142857142,9.333333333333334,39.142857142857146,147.0,7.0,35.5,141.8181818181818,7.375,40.63636363636363,163.66666666666666,8.333333333333334,58.0,159.97222222222223,8.65625,49.25,,,,,,,,,
-0.1362771105196032,52_left,100_right,22350321,"Навчально-виховний комплекс «Школа І ступеня - Гімназія ""Гроно""»","Навчально-виховний комплекс «Школа І ступеня - Гімназія ""Гроно""» м. Львова","Навчально-виховний комплекс «Школа І ступеня-гімназія ""Гроно""»",Залізничний,Відділ освіти Шевченківського та Залізничного районів,"79000, м. Львів, вул. Вигоди, 27",23.97488091,49.839031299999995,1568.0,1071,138.7,7.721701514059122,"Навчально-виховний комплекс ""Школа-садок "" ""Софія"" м. Львова",2002.7428571428572,157.5142857142857,8.285714285714286,64.31428571428572,0.0,142.0,7.956521739130435,47.69565217391305,152.33333333333334,7.285714285714286,29.2,,,,0.0,,10.0,138.71428571428572,6.6,39.142857142857146,145.8181818181818,7.333333333333333,48.27272727272727,145.21052631578948,7.157894736842105,41.526315789473685,,,,,,,145.71428571428572,8.166666666666666,41.714285714285715
0.2831640272721799,53_left,98_right,23888732,Навчально-виховний комплекс «Школа компютерних технологій-Львівський технологічний ліцей»,"Навчально-виховний комплекс ""Школа компютерних технологій-Львівський технологічний ліцей""","Навчально-виховний комплекс ""Школа компютерних технологій-Львівський технологічний ліцей""",Шевченківський,Відділ освіти Шевченківського та Залізничного районів,"79007, м. Львів, вул. Таманська, 11",24.02228031,49.84576927,551.0,166,43.39,3.8257663056003683,"Навчально-виховний комплекс ""Школа комп'ютерних технологій - Львівський технологічний ліцей""",2002.7837837837837,147.64864864864865,8.08108108108108,60.7027027027027,0.0,117.11764705882354,7.1,36.88235294117647,141.6,7.5,30.5,149.5,7.0,33.5,55.0,2.0,12.5,143.85714285714286,7.6,42.285714285714285,130.0,6.857142857142857,44.1,140.45454545454547,7.631578947368421,41.27272727272727,,,,,,,,,
-0.18190431655673178,54_left,100_right,23888525,"Навчально-виховний комплекс «Школа-гімназія ""Галицька""»","Навчально-виховний комплекс «Школа-гімназія ""Галицька""»","Навчально-виховний комплекс «Школа-гімназія ""Галицька""»",Галицький,Відділ освіти Галицького та Франківського районів,"79019, м. Львів, вул. Замкова, 4",24.03350447,49.84731568,600.0,312,58.81,5.305220200646148,"Навчально-виховний комплекс ""Школа-садок "" ""Софія"" м. Львова",2002.7428571428572,157.5142857142857,8.285714285714286,64.31428571428572,0.0,142.0,7.956521739130435,47.69565217391305,152.33333333333334,7.285714285714286,29.2,,,,0.0,,10.0,138.71428571428572,6.6,39.142857142857146,145.8181818181818,7.333333333333333,48.27272727272727,145.21052631578948,7.157894736842105,41.526315789473685,,,,,,,145.71428571428572,8.166666666666666,41.714285714285715
0.6941879222041741,55_left,99_right,23270713,Навчально-виховний комплекс «Школа-гімназія І-ІІІ ст. блаженних Климентія та Андрея Шептицьких»,"Навчально-виховний комплекс ""Школа-гімназія І-ІІІ ступенів блаженних Климентія та Андрея Шептицьких""","Навчально-виховний комплекс ""Школа-гімназія І-ІІІ ступенів блаженних Климентія та Андрея Шептицьких""",Сихівський,Відділ освіти Сихівського та Личаківського районів,"79070, м. Львів, вул. Г. Хоткевича, 16",24.04672543,49.79580122,318.0,263,43.16,6.093605189990733,"Навчально-виховний комплекс ""Школа-гімназія І-ІІІ ступенів Блаженного Климентія та Андрея Шептицьких""",2002.8125,186.23333333333332,10.866666666666667,88.53333333333333,0.0,171.78571428571428,9.857142857142858,67.28571428571429,174.36363636363637,9.333333333333334,42.63636363636363,,,,,,,160.5,11.0,52.5,166.5,8.5,60.0,187.69230769230768,11.0,63.92307692307692,,,,,,,,,
-0.14787661142883274,56_left,98_right,25231545,"Навчально-виховний комплекс «Школа-ліцей ""Європейський""»","Навчально-виховний комплекс «Школа-ліцей ""Європейський""»","Навчально-виховний комплекс «Школа-ліцей ""Європейський""»",Франківський,Відділ освіти Галицького та Франківського районів,"79021, м. Львів, вул. Кульпарківська, 99",23.98686086,49.81543197,400.0,259,54.75,4.730593607305937,"Навчально-виховний комплекс ""Школа комп'ютерних технологій - Львівський технологічний ліцей""",2002.7837837837837,147.64864864864865,8.08108108108108,60.7027027027027,0.0,117.11764705882354,7.1,36.88235294117647,141.6,7.5,30.5,149.5,7.0,33.5,55.0,2.0,12.5,143.85714285714286,7.6,42.285714285714285,130.0,6.857142857142857,44.1,140.45454545454547,7.631578947368421,41.27272727272727,,,,,,,,,
0.03056074041380328,57_left,100_right,20822052,"Навчально-виховний комплекс «Школа-ліцей ""Оріяна""»","Навчально-виховний комплекс «Школа-ліцей ""Оріяна""» м. Львова","Навчально-виховний комплекс «Школа-ліцей ""Оріяна""» м. Львова",Сихівський,Відділ освіти Сихівського та Личаківського районів,"79070, м. Львів, вул. В. Чукаріна, 3",24.04274382,49.79707006,1100.0,1070,137.39,7.788048620714754,"Навчально-виховний комплекс ""Школа-садок "" ""Софія"" м. Львова",2002.7428571428572,157.5142857142857,8.285714285714286,64.31428571428572,0.0,142.0,7.956521739130435,47.69565217391305,152.33333333333334,7.285714285714286,29.2,,,,0.0,,10.0,138.71428571428572,6.6,39.142857142857146,145.8181818181818,7.333333333333333,48.27272727272727,145.21052631578948,7.157894736842105,41.526315789473685,,,,,,,145.71428571428572,8.166666666666666,41.714285714285715
-0.18631751023193457,58_left,97_right,23886880,Навчально-виховний комплекс садок-школа «Дзвіночок»,Львівський навчально-виховний комплекс садок-школа «Дзвіночок» Львівської міської ради Львівської області,"Навчально-виховний комплекс «Школа-садок ""Дзвіночок""»",Личаківський,Відділ освіти Сихівського та Личаківського районів,"79010, м. Львів, вул. М. Некрасова, 31",24.05146713,49.83804504,100.0,121,16.36,7.396088019559902,"Навчально-виховний комплекс ""Інженерно-економічна школа-Львівський економічний ліцей"" Львіської міської ради",2002.84,164.27,9.26,71.06,0.0,135.15,8.8,43.05,159.04651162790697,8.214285714285714,34.372093023255815,161.42857142857142,9.333333333333334,39.142857142857146,147.0,7.0,35.5,141.8181818181818,7.375,40.63636363636363,163.66666666666666,8.333333333333334,58.0,159.97222222222223,8.65625,49.25,,,,,,,,,
-0.18631751023193457,59_left,97_right,20833937,Навчально-виховний комплекс садок-школа «Малюк»,Львівський навчально-виховний комплекс садок-школа «Малюк» Львівської міської ради Львівської області,"Львівський навчально-виховний комплекс «Садок-школа ""Малюк""»",Франківський,Відділ освіти Галицького та Франківського районів,"79053, м. Львів, вул. Володимира Великого, 41а",24.00491641,49.80807987,,115,52.0,2.2115384615384617,"Навчально-виховний комплекс ""Інженерно-економічна школа-Львівський економічний ліцей"" Львіської міської ради",2002.84,164.27,9.26,71.06,0.0,135.15,8.8,43.05,159.04651162790697,8.214285714285714,34.372093023255815,161.42857142857142,9.333333333333334,39.142857142857146,147.0,7.0,35.5,141.8181818181818,7.375,40.63636363636363,163.66666666666666,8.333333333333334,58.0,159.97222222222223,8.65625,49.25,,,,,,,,,
0.013395933187400106,60_left,100_right,33753722,Навчально-виховний комплекс школа-садок «Арніка»,Львівський навчально-виховний комплекс школа-садок «Арніка»,"Навчально-виховний комплекс «Школа-садок ""Арніка""»",Залізничний,Відділ освіти Шевченківського та Залізничного районів,"79039, м. Львів, вул. В. Комарова, 12",24.00298561,49.84439684,119.0,279,67.48,4.1345583876704195,"Навчально-виховний комплекс ""Школа-садок "" ""Софія"" м. Львова",2002.7428571428572,157.5142857142857,8.285714285714286,64.31428571428572,0.0,142.0,7.956521739130435,47.69565217391305,152.33333333333334,7.285714285714286,29.2,,,,0.0,,10.0,138.71428571428572,6.6,39.142857142857146,145.8181818181818,7.333333333333333,48.27272727272727,145.21052631578948,7.157894736842105,41.526315789473685,,,,,,,145.71428571428572,8.166666666666666,41.714285714285715
-0.17520157797844224,61_left,65_right,20834285,Початкова школа «Джерельце»,Початкова школа «Джерельце» Львівської міської ради,Львівська середня загальноосвітня школа І ступеня «Джерельце» з поглибленим вивченням англійської мови,Франківський,Відділ освіти Галицького та Франківського районів,"79026, м. Львів, вул. Академіка А. Сахарова, 80",24.01683957,49.82087535,300.0,420,58.06,7.233895969686531,"Ліцей ""Львівський"" Львівської міської ради",2002.8095238095239,171.4875,9.7,77.55,0.0,166.05882352941177,9.764705882352942,61.470588235294116,161.07407407407408,8.666666666666666,37.888888888888886,,,,165.5,9.0,46.0,169.85714285714286,9.8,58.42857142857143,155.0,7.0,51.0,162.33333333333334,8.827586206896552,50.44444444444444,,,,,,,,,
-0.17520157797844224,62_left,65_right,25558358,Початкова школа «Дивосвіт»,Початкова школа «Дивосвіт» Львівської міської ради,Загальноосвітня школа «Дивосвіт»,Сихівський,Відділ освіти Сихівського та Личаківського районів,"79049, м. Львів, вул. К. Трильовського, 24",24.06281024,49.78322052,360.0,373,47.64,7.829554995801848,"Ліцей ""Львівський"" Львівської міської ради",2002.8095238095239,171.4875,9.7,77.55,0.0,166.05882352941177,9.764705882352942,61.470588235294116,161.07407407407408,8.666666666666666,37.888888888888886,,,,165.5,9.0,46.0,169.85714285714286,9.8,58.42857142857143,155.0,7.0,51.0,162.33333333333334,8.827586206896552,50.44444444444444,,,,,,,,,
-0.17520157797844224,63_left,65_right,22370559,Початкова школа «Первоцвіт»,Початкова школа «Первоцвіт» Львівської міської ради,Загальноосвітня школа «Первоцвіт»,Сихівський,Відділ освіти Сихівського та Личаківського районів,"79066, м. Львів, вул. А. Манастирського, 9",24.05734827,49.79906732,480.0,508,58.67,8.658598943241861,"Ліцей ""Львівський"" Львівської міської ради",2002.8095238095239,171.4875,9.7,77.55,0.0,166.05882352941177,9.764705882352942,61.470588235294116,161.07407407407408,8.666666666666666,37.888888888888886,,,,165.5,9.0,46.0,169.85714285714286,9.8,58.42857142857143,155.0,7.0,51.0,162.33333333333334,8.827586206896552,50.44444444444444,,,,,,,,,
-0.17520157797844224,64_left,65_right,25224611,Початкова школа «Світанок»,Початкова школа «Світанок» Львівської міської ради,Львівська загальноосвітня школа І ступеня «Світанок» з поглибленим вивченням англійської мови,Залізничний,Відділ освіти Шевченківського та Залізничного районів,"79021, м. Львів, вул. С. Петлюри, 43а",23.98404201,49.81967794,612.0,755,95.52,7.904103852596315,"Ліцей ""Львівський"" Львівської міської ради",2002.8095238095239,171.4875,9.7,77.55,0.0,166.05882352941177,9.764705882352942,61.470588235294116,161.07407407407408,8.666666666666666,37.888888888888886,,,,165.5,9.0,46.0,169.85714285714286,9.8,58.42857142857143,155.0,7.0,51.0,162.33333333333334,8.827586206896552,50.44444444444444,,,,,,,,,
-0.17520157797844224,65_left,65_right,22416862,Початкова школа «Школа радості»,Початкова школа «Школа радості» Львівської міської ради,Львівська середня загальноосвітня школа І-ІІ ступенів «Школа радості» з поглибленим вивченням англійської мови,Франківський,Відділ освіти Галицького та Франківського районів,"79070, м. Львів, вул. І. Пулюя, 10",23.98584771,49.80358692,300.0,288,57.52,5.006954102920722,"Ліцей ""Львівський"" Львівської міської ради",2002.8095238095239,171.4875,9.7,77.55,0.0,166.05882352941177,9.764705882352942,61.470588235294116,161.07407407407408,8.666666666666666,37.888888888888886,,,,165.5,9.0,46.0,169.85714285714286,9.8,58.42857142857143,155.0,7.0,51.0,162.33333333333334,8.827586206896552,50.44444444444444,,,,,,,,,
-0.17520157797844224,66_left,65_right,34711730,Початкова школа №4,Початкова школа №4 Львівської міської ради,Львівська спеціалізована школа І ступеня №4 з поглибленим вивченням англійської мови,Галицький,Відділ освіти Галицького та Франківського районів,"79011, м. Львів, вул. Є. Дзиндри, 7",24.02672783,49.82731085,284.0,301,38.53,7.812094471840124,"Ліцей ""Львівський"" Львівської міської ради",2002.8095238095239,171.4875,9.7,77.55,0.0,166.05882352941177,9.764705882352942,61.470588235294116,161.07407407407408,8.666666666666666,37.888888888888886,,,,165.5,9.0,46.0,169.85714285714286,9.8,58.42857142857143,155.0,7.0,51.0,162.33333333333334,8.827586206896552,50.44444444444444,,,,,,,,,
-0.17520157797844224,67_left,65_right,35664603,Початкова школа №53,Початкова школа №53 Львівської міської ради,Львівська спеціалізована загальноосвітня школа І ступеня №53 з поглибленим вивченням англійської мови,Шевченківський,Відділ освіти Шевченківського та Залізничного районів,"79019, м. Львів, просп. В. Чорновола, 6",24.02525686,49.85003614,584.0,563,67.6,8.328402366863907,"Ліцей ""Львівський"" Львівської міської ради",2002.8095238095239,171.4875,9.7,77.55,0.0,166.05882352941177,9.764705882352942,61.470588235294116,161.07407407407408,8.666666666666666,37.888888888888886,,,,165.5,9.0,46.0,169.85714285714286,9.8,58.42857142857143,155.0,7.0,51.0,162.33333333333334,8.827586206896552,50.44444444444444,,,,,,,,,
0.1430329674862689,68_left,108_right,23887299,Середня загальноосвітня школа I-III ст. №29,Середня загальноосвітня школа I-III ступенів №29 м. Львова,Середня загальноосвітня школа №29,Личаківський,Відділ освіти Сихівського та Личаківського районів,"79495, м. Львів, Винники, вул. Сухомлинського, 6",24.141816,49.820025,1500.0,1232,138.36,8.904307603353569,Середня загальноосвітня школа І-ІІІ ступенів №29 м. Львова,2002.8026315789473,153.77464788732394,8.492957746478874,65.67605633802818,0.0,142.3,8.463414634146341,47.55555555555556,138.85,7.324324324324325,28.325,144.5,6.5,28.0,174.0,9.666666666666666,52.666666666666664,138.23076923076923,6.111111111111111,39.92307692307692,118.63157894736842,6.0,41.0,135.6530612244898,7.8,41.183673469387756,,,,,,,,,
0.1530673006750683,69_left,111_right,23887313,Середня загальноосвітня школа I-III ст. №47,Середня загальноосвітня школа I-III ступенів №47 м. Львова,Середня загальноосвітня школа І-ІІІ ступенів №47 м. Львова,Личаківський,Відділ освіти Сихівського та Личаківського районів,"79495, м. Львів, Винники, вул. Галицька, 54",24.148511,49.817169,540.0,547,73.67,7.425003393511607,Середня загальноосвітня школа І-ІІІ ступенів №47 м. Львова,2002.723404255319,132.22727272727272,7.090909090909091,49.18181818181818,0.0,124.75757575757575,6.866666666666666,38.75757575757576,113.6086956521739,5.809523809523809,20.304347826086957,134.0,7.0,25.0,134.0,6.0,28.5,128.8421052631579,6.133333333333334,37.63157894736842,121.72727272727273,5.333333333333333,35.09090909090909,120.3,5.785714285714286,32.65,,,,,,,,,
0.1530673006750683,70_left,113_right,23887320,Середня загальноосвітня школа I-III ст. №49,Середня загальноосвітня школа I-III ступенів №49 м. Львова,Середня загальноосвітня школа І-ІІІ ступенів №49 м. Львова,Личаківський,Відділ освіти Сихівського та Личаківського районів,"79017, м. Львів, вул. О. Басараб, 4",24.04272717,49.82855954,620.0,596,101.36,5.880031570639305,Середня загальноосвітня школа І-ІІІ ступенів №49 м. Львова,2002.7297297297298,150.3108108108108,8.135135135135135,62.7027027027027,0.0,140.42857142857142,8.411764705882353,44.95238095238095,122.04761904761905,6.142857142857143,23.095238095238095,0.0,,5.0,129.0,6.0,26.0,154.54545454545453,6.333333333333333,48.72727272727273,118.85714285714286,5.666666666666667,40.857142857142854,141.60714285714286,7.84,41.214285714285715,,,,,,,,,
0.1530673006750683,71_left,114_right,20834351,Середня загальноосвітня школа I-III ст. №50,Середня загальноосвітня школа I-III ступенів №50 м. Львова,Львівська середня загальноосвітня школа І-ІІІ ступенів №50 імені Антона Макаренка,Франківський,Відділ освіти Галицького та Франківського районів,"79012, м. Львів, вул. Т. Комаринця, 2",24.01741566,49.82641991,650.0,418,70.72,5.910633484162897,Середня загальноосвітня школа І-ІІІ ступенів №50 м.Львова,2002.7857142857142,158.92857142857142,8.964285714285714,67.96428571428571,0.0,150.16666666666666,8.545454545454545,50.083333333333336,157.26315789473685,7.888888888888889,32.473684210526315,139.0,6.0,24.5,110.0,,17.0,166.07692307692307,8.818181818181818,54.84615384615385,158.83333333333334,8.5,54.833333333333336,156.8125,8.454545454545455,47.625,,,,183.0,,61.0,,,
0.1530673006750683,72_left,116_right,23888652,Середня загальноосвітня школа I-III ст. №78,Середня загальноосвітня школа I-III ступенів №78 м. Львова,Середня загальноосвітня школа №78 міста Львова,Шевченківський,Відділ освіти Шевченківського та Залізничного районів,"79019, м. Львів, вул. Замарстинівська, 132",24.02688589,49.86217441,466.0,570,78.72,7.240853658536586,Середня загальноосвітня школа І-ІІІ ступенів №78 м.Львова,2002.6818181818182,155.5,8.2,62.35,0.0,115.4,6.75,33.6,140.73333333333332,7.142857142857143,27.2,132.25,5.75,23.5,178.0,10.0,55.0,141.5,6.0,41.333333333333336,55.5,,26.5,149.54545454545453,6.875,43.63636363636363,,,,,,,,,
0.31997484652458763,73_left,118_right,25224864,Середня загальноосвітня школа №1,Середня загальноосвітня школа №1 м. Львова,Середня загальноосвітня школа №1 м. Львова,Сихівський,Відділ освіти Сихівського та Личаківського районів,"79049, м. Львів, вул. К. Трильовського, 17",24.06612373,49.78484443,990.0,836,105.06,7.9573577003616975,Середня загальноосвітня школа №1 м. Львова,2002.641791044776,155.0,8.296875,63.53125,0.0,125.03191489361703,7.609756097560975,42.46808510638298,147.85714285714286,7.230769230769231,30.107142857142858,184.5,10.0,51.5,143.0,7.0,33.0,141.04761904761904,7.166666666666667,43.523809523809526,141.0,6.785714285714286,45.2,142.4,8.192307692307692,42.82857142857143,,,,89.66666666666667,,28.333333333333332,,,
-0.10488690983125652,74_left,119_right,20834196,Ліцей №10 ім. св. Марії Магдалени,Ліцей №10 ім. св. Марії Магдалени,Середня загальноосвітня школа №10 ім. св. Марії Магдалени,Галицький,Відділ освіти Галицького та Франківського районів,"79013, м. Львів, вул. Генерала Т. Чупринки, 1",24.01607022,49.83416659,309.0,281,51.27,5.480787985176517,Середня загальноосвітня школа №10 м. Львова ім.святої Марії Магдалени,2002.6153846153845,143.27272727272728,7.7272727272727275,53.0,0.0,146.6,8.6,45.6,128.4,5.6,20.4,120.0,,18.0,,,,133.0,6.0,35.0,165.0,8.0,57.0,148.5,7.25,43.25,,,,,,,,,
0.041711421515256954,75_left,118_right,22350203,Середня загальноосвітня школа №100,Середня загальноосвітня школа №100 м. Львова,Середня загальноосвітня школа №100 м. Львова,Шевченківський,Відділ освіти Шевченківського та Залізничного районів,"79002, м. Львів, вул. В. Величковського, 58",23.93220961,49.87825017,950.0,899,120.12,7.484182484182483,Середня загальноосвітня школа №1 м. Львова,2002.641791044776,155.0,8.296875,63.53125,0.0,125.03191489361703,7.609756097560975,42.46808510638298,147.85714285714286,7.230769230769231,30.107142857142858,184.5,10.0,51.5,143.0,7.0,33.0,141.04761904761904,7.166666666666667,43.523809523809526,141.0,6.785714285714286,45.2,142.4,8.192307692307692,42.82857142857143,,,,89.66666666666667,,28.333333333333332,,,
0.23627295098358417,76_left,121_right,22336508,Середня загальноосвітня школа №13,Середня загальноосвітня школа №13,Середня загальноосвітня школа №13,Сихівський,Відділ освіти Сихівського та Личаківського районів,"79049, м. Львів, вул. М. Драгана, 7",24.05612925,49.78353809,1000.0,1032,132.39,7.795150691139815,Середня загальноосвітня школа №13,2002.7291666666667,154.30208333333334,8.583333333333334,65.14583333333333,0.0,132.76666666666668,8.785714285714286,51.4,136.11764705882354,6.484848484848484,25.88235294117647,,,,151.0,7.0,37.666666666666664,152.9090909090909,9.0,53.27272727272727,143.9047619047619,7.0588235294117645,49.095238095238095,146.07142857142858,8.105263157894736,41.785714285714285,,,,161.0,9.0,50.0,,,
0.19177409741110338,77_left,122_right,23888548,Середня загальноосвітня школа №22 ім. В. Стефаника,Середня загальноосвітня школа №22 імені В. Стефаника м. Львова,Середня загальноосвітня школа №22 імені Василя Стефаника,Шевченківський,Відділ освіти Шевченківського та Залізничного районів,"79019, м. Львів, вул. Хімічна, 7",24.02504715,49.85411268,630.0,560,78.5,7.13375796178344,Середня загальноосвітня школа №22 ім. В. Стефаника,2002.68,144.64,7.92,60.24,0.0,124.5,6.777777777777778,38.8,136.6315789473684,6.888888888888889,26.105263157894736,132.0,,23.5,,,,72.66666666666667,4.0,23.666666666666668,131.08823529411765,7.076923076923077,49.76470588235294,131.8,7.625,39.3,,,,,,,,,
0.13666701361859193,78_left,123_right,23888554,Середня загальноосвітня школа №23,Середня загальноосвітня школа №23,Львівська середня загальноосвітня школа №23 міста Львова,Шевченківський,Відділ освіти Шевченківського та Залізничного районів,"79020, м. Львів, вул. Варшавська, 126",24.01082414,49.86527592,540.0,723,89.55,8.073701842546065,Середня загальноосвітня школа №23 м.Львова,2002.7894736842106,148.52631578947367,7.684210526315789,60.473684210526315,0.0,117.84615384615384,7.384615384615385,38.92307692307692,148.57142857142858,8.0,29.571428571428573,,,,121.0,,22.0,158.57142857142858,8.333333333333334,51.42857142857143,144.0,6.5,45.5,129.41666666666666,7.181818181818182,37.25,,,,,,,,,
0.91681886369467,79_left,124_right,22336019,Середня загальноосвітня школа №27 ім. героя Небесної Сотні Юрія Вербицького,Середня загальноосвітня школа №27 м. Львова імені героя Небесної Сотні Юрія Вербицького,Середня загальноосвітня школа імені Героя Небесної сотні Юрія Вербицького №27,Галицький,Відділ освіти Галицького та Франківського районів,"79011, м. Львів, вул. І. Свєнціцького, 15",24.03607997,49.82539946,650.0,415,67.72,6.1281748375664495,Середня загальноосвітня школа №27 м.Львова імені героя Небесної Сотні Юрія Вербицького,2002.6829268292684,148.32432432432432,7.918918918918919,59.16216216216216,0.0,128.72,7.739130434782608,44.16,141.05263157894737,7.157894736842105,28.31578947368421,0.0,2.0,7.0,,,,127.25,6.333333333333333,33.25,138.25,5.0,44.25,138.09375,7.777777777777778,42.09375,,,,,,,,,
0.13666701361859193,80_left,125_right,23888560,Середня загальноосвітня школа №30,Середня загальноосвітня школа №30,Львівська середня загальноосвітня школа №30 міста Львова,Шевченківський,Відділ освіти Шевченківського та Залізничного районів,"79059, м. Львів, вул. Гетьмана І. Мазепи, 31",24.04601558,49.87323489,847.0,1035,110.83,9.338626725615807,Середня загальноосвітня школа №30 м.Львова,2002.7111111111112,163.2093023255814,8.790697674418604,68.6046511627907,0.0,143.03846153846155,8.285714285714286,46.30769230769231,145.8,6.833333333333333,27.24,135.0,,23.0,187.0,11.0,62.0,153.44444444444446,7.875,47.333333333333336,144.27777777777777,7.0,46.44444444444444,137.1851851851852,6.92,38.96296296296296,,,,,,,,,
0.13666701361859193,81_left,126_right,20834306,Середня загальноосвітня школа №32,Середня загальноосвітня школа №32,Середня загальноосвітня школа №32,Сихівський,Відділ освіти Сихівського та Личаківського районів,"79031, м. Львів, вул. Я. Гашека, 13",24.020314300000003,49.79608433,1200.0,1350,143.92,9.380211228460256,Середня загальноосвітня школа №32 м. Львова,2002.7105263157894,166.7,9.253333333333334,72.74666666666667,0.0,152.21951219512195,9.513513513513514,54.853658536585364,154.88679245283018,7.716981132075472,31.90566037735849,143.6,8.5,28.2,129.4,7.0,38.0,179.875,10.0,63.5,150.0,7.1,50.54545454545455,152.74468085106383,8.097560975609756,46.40425531914894,,,,,,,,,
0.047853459449362167,82_left,118_right,23888577,Середня загальноосвітня школа №33,Середня загальноосвітня школа №33 м. Львова,Львівська середня загальноосвітня школа №33,Шевченківський,Відділ освіти Шевченківського та Залізничного районів,"79016, м. Львів, вул. Т. Шевченка, 34",24.01370295,49.84379668,350.0,270,47.92,5.634390651085143,Середня загальноосвітня школа №1 м. Львова,2002.641791044776,155.0,8.296875,63.53125,0.0,125.03191489361703,7.609756097560975,42.46808510638298,147.85714285714286,7.230769230769231,30.107142857142858,184.5,10.0,51.5,143.0,7.0,33.0,141.04761904761904,7.166666666666667,43.523809523809526,141.0,6.785714285714286,45.2,142.4,8.192307692307692,42.82857142857143,,,,89.66666666666667,,28.333333333333332,,,
0.506620519251861,83_left,127_right,22350261,Середня загальноосвітня школа №34 ім. М. Шашкевича,Середня загальноосвітня школа №34 ім. М. Шашкевича м. Львова,Середня загальноосвітня школа №34 імені Маркіяна Шашкевича м. Львова,Галицький,Відділ освіти Галицького та Франківського районів,"79016, м. Львів, вул. Замкнена, 8",24.01530149,49.84025477,700.0,717,104.33,6.872424039106681,Середня загальноосвітня школа №34 ім. М. Шашкевича м.Львова,2002.7,140.66666666666666,7.766666666666667,55.4,0.0,127.07692307692308,7.846153846153846,42.30769230769231,134.61111111111111,6.1875,21.555555555555557,116.0,,17.0,,,,95.33333333333333,5.333333333333333,30.666666666666668,122.0,,35.0,138.44444444444446,7.038461538461538,39.629629629629626,,,,,,,,,
0.3358788883485764,84_left,128_right,22350290,Середня загальноосвітня школа №40,Середня загальноосвітня школа №40 м. Львова,Середня загальноосвітня школа №40 міста Львова,Залізничний,Відділ освіти Шевченківського та Залізничного районів,"79054, м. Львів, вул. Любінська, 93б",23.97598811,49.819446500000005,774.0,822,109.0,7.5412844036697235,Середня загальноосвітня школа №40 м. Львова,2002.6511627906978,136.29268292682926,7.439024390243903,53.46341463414634,0.0,125.81666666666666,7.517241379310345,41.333333333333336,131.42105263157896,7.333333333333333,26.526315789473685,145.0,,27.0,123.5,6.0,23.5,105.0,5.142857142857143,31.9375,150.66666666666666,8.0,50.333333333333336,126.4,6.631578947368421,38.55,,,,,,,,,
0.3358788883485764,85_left,129_right,23888583,Середня загальноосвітня школа №41,Середня загальноосвітня школа №41 м. Львова,Середня загальноосвітня школа І-ІІІ ступенів №41 м. Львова,Шевченківський,Відділ освіти Шевченківського та Залізничного районів,"79491, м. Львів, смт Брюховичі, вул. А. Макаренка, 19",23.950907,49.902404,450.0,414,78.23,5.292087434488048,Середня загальноосвітня школа №41 м. Львова,2002.608695652174,133.57142857142858,7.523809523809524,52.80952380952381,0.0,128.69230769230768,7.166666666666667,39.46153846153846,125.5,6.25,23.875,,,,,,,130.25,6.0,36.25,136.25,6.166666666666667,43.0,115.41666666666667,6.444444444444445,33.75,,,,0.0,2.0,11.5,,,
0.3358788883485764,86_left,130_right,23887307,Середня загальноосвітня школа №42,Середня загальноосвітня школа №42 м. Львова,Середня загальноосвітня школа №42 міста Львова,Личаківський,Відділ освіти Сихівського та Личаківського районів,"79038, м. Львів, вул. Каштанова, 9",24.07913558,49.82282811,1100.0,1042,125.97,8.271810748590934,Середня загальноосвітня школа №42 м. Львова,2002.7288135593221,160.6949152542373,8.694915254237289,66.59322033898304,0.0,149.7674418604651,8.552631578947368,50.04651162790697,135.44827586206895,7.076923076923077,25.96551724137931,142.8,8.5,27.8,155.33333333333334,8.5,40.666666666666664,134.83333333333334,6.222222222222222,36.666666666666664,149.58333333333334,7.666666666666667,51.0,148.65,8.285714285714286,45.75,,,,187.0,,63.0,,,
0.3358788883485764,87_left,132_right,22350315,Середня загальноосвітня школа №60,Середня загальноосвітня школа №60 м. Львова,Середня загальноосвітня школа №60 міста Львова,Залізничний,Відділ освіти Шевченківського та Залізничного районів,"79022, м. Львів, вул. П. Полтави, 32",23.96320643,49.82531035,893.0,930,127.53,7.292401787814633,Середня загальноосвітня школа №60 м. Львова,2002.795918367347,165.16326530612244,9.122448979591837,72.06122448979592,0.0,161.3653846153846,9.538461538461538,59.42307692307692,151.85185185185185,7.68,30.74074074074074,153.28571428571428,8.5,33.142857142857146,166.6,8.5,49.8,168.66666666666666,8.8,57.833333333333336,156.46666666666667,7.875,53.86666666666667,149.35714285714286,8.08,45.392857142857146,,,,141.0,,39.0,,,
0.13666701361859193,88_left,133_right,22336611,Середня загальноосвітня школа №62,Середня загальноосвітня школа №62,Середня загальноосвітня школа №62,Галицький,Відділ освіти Галицького та Франківського районів,"79000, м. Львів, просп. Свободи, 16",24.028470300000002,49.84182286,1000.0,695,107.28,6.478374347501863,Середня загальноосвітня школа №62 м. Львова,2002.6037735849056,162.60638297872342,9.106382978723405,69.8936170212766,0.0,148.28,9.208333333333334,52.68,142.125,7.695652173913044,30.375,179.5,12.0,48.5,150.5,7.5,38.0,131.375,7.0,42.375,148.2,6.5,48.8,147.25,8.266666666666667,46.72222222222222,,,,146.4,7.6,41.8,,,
0.3358788883485764,89_left,134_right,23887336,Середня загальноосвітня школа №63,Середня загальноосвітня школа №63 м. Львова,Середня загальноосвітня школа №63 м. Львова,Личаківський,Відділ освіти Сихівського та Личаківського районів,"79014, м. Львів, вул. Личаківська, 171",24.06294902,49.83713722,620.0,583,82.81,7.040212534718028,Середня загальноосвітня школа №63 м.Львова,2002.8372093023256,151.17857142857142,8.214285714285714,61.19047619047619,0.0,128.86363636363637,7.7,41.5,152.0,7.48,29.76,154.5,7.5,32.0,141.0,,32.0,146.5,7.0,43.875,157.55555555555554,7.666666666666667,54.388888888888886,132.55555555555554,6.708333333333333,38.25925925925926,,,,,,,,,
0.3358788883485764,90_left,135_right,22350338,Середня загальноосвітня школа №65,Середня загальноосвітня школа №65 м. Львова,Середня загальноосвітня школа №65,Залізничний,Відділ освіти Шевченківського та Залізничного районів,"79052, м. Львів, вул. Роксялани, 35",23.96286726,49.84518471,1568.0,1669,177.84,9.384840305892936,Середня загальноосвітня школа №65 м. Львова,2002.741935483871,161.7016129032258,8.903225806451612,68.83870967741936,0.0,152.15384615384616,8.378378378378379,52.12820512820513,149.58064516129033,7.666666666666667,30.967741935483872,122.0,7.0,31.0,165.0,9.0,46.0,141.77777777777777,6.846153846153846,41.0,149.76470588235293,7.833333333333333,50.35294117647059,143.78571428571428,8.4,45.30952380952381,,,,,,,,,
0.3358788883485764,91_left,136_right,22350249,Середня загальноосвітня школа №67,Середня загальноосвітня школа №67 м. Львова,Середня загальноосвітня школа №67,Залізничний,Відділ освіти Шевченківського та Залізничного районів,"79025, м. Львів, вул. Сяйво, 18",23.97939555,49.84482598,1203.0,1016,125.31,8.107892426781582,Середня загальноосвітня школа №67 м. Львова,2002.7142857142858,145.2439024390244,7.926829268292683,58.170731707317074,0.0,117.9090909090909,7.181818181818182,40.90909090909091,131.8695652173913,6.571428571428571,24.782608695652176,157.0,7.5,34.0,,,,145.16666666666666,6.888888888888889,42.416666666666664,142.8181818181818,7.454545454545454,52.27272727272727,138.5,7.882352941176471,40.4,,,,122.0,,29.0,,,
0.3358788883485764,92_left,137_right,22350278,Середня загальноосвітня школа №68,Середня загальноосвітня школа №68 м. Львова,Львівська середня загальноосвітня школа №68,Залізничний,Відділ освіти Шевченківського та Залізничного районів,"79040, м. Львів, вул. Дозвільна, 3",23.9568048,49.82663257,679.0,635,75.47,8.413939313634557,Середня загальноосвітня школа №68 м. Львова,2002.842105263158,171.58823529411765,9.235294117647058,75.0,0.0,148.44444444444446,8.0,46.22222222222222,131.41666666666666,6.5,23.666666666666668,,,,,,,165.66666666666666,8.333333333333334,52.0,152.4,7.2,51.0,156.72727272727272,9.11111111111111,47.54545454545455,,,,113.0,,24.0,,,
0.041711421515256954,93_left,118_right,23887342,Середня загальноосвітня школа №70,Середня загальноосвітня школа №70 м. Львова,Середня загальноосвітня школа №70,Личаківський,Відділ освіти Сихівського та Личаківського районів,"79014, м. Львів, вул. Кривчицька Дорога, 1",24.06670226,49.84038122,600.0,600,72.43,8.283860278889962,Середня загальноосвітня школа №1 м. Львова,2002.641791044776,155.0,8.296875,63.53125,0.0,125.03191489361703,7.609756097560975,42.46808510638298,147.85714285714286,7.230769230769231,30.107142857142858,184.5,10.0,51.5,143.0,7.0,33.0,141.04761904761904,7.166666666666667,43.523809523809526,141.0,6.785714285714286,45.2,142.4,8.192307692307692,42.82857142857143,,,,89.66666666666667,,28.333333333333332,,,
0.23627295098358417,94_left,138_right,20781471,Середня загальноосвітня школа №72,Середня загальноосвітня школа №72,Середня загальноосвітня школа №72,Сихівський,Відділ освіти Сихівського та Личаківського районів,"79066, м. Львів, вул. Зубрівська, 1",24.06428676,49.79865078,672.0,471,76.09,6.190038112761202,Середня загальноосвітня школа №72,2002.7142857142858,137.60526315789474,7.526315789473684,52.63157894736842,0.0,97.91666666666667,6.0,32.75,123.15384615384616,5.909090909090909,19.923076923076923,135.75,5.666666666666667,24.5,,,,141.5,6.75,41.125,136.4,6.333333333333333,42.0,123.0,8.0,36.0,,,,,,,,,
0.23627295098358417,95_left,139_right,22336031,Середня загальноосвітня школа №73,Середня загальноосвітня школа №73,Середня загальноосвітня школа №73,Сихівський,Відділ освіти Сихівського та Личаківського районів,"79035, м. Львів, вул. Дністерська, 5",24.055962100000002,49.81754492,640.0,775,97.05,7.985574446161772,Середня загальноосвітня школа №73,2002.888888888889,133.08333333333334,7.37037037037037,53.925925925925924,0.0,125.34782608695652,7.166666666666667,37.71739130434783,143.0,6.75,25.307692307692307,0.0,,9.0,125.0,5.0,24.0,128.04347826086956,6.095238095238095,36.43478260869565,135.69565217391303,6.923076923076923,42.43478260869565,124.39285714285714,6.894736842105263,33.392857142857146,,,,,,,,,
0.041711421515256954,96_left,118_right,22350255,Середня загальноосвітня школа №77,Середня загальноосвітня школа №77 м. Львова,Середня загальноосвітня школа №77,Залізничний,Відділ освіти Шевченківського та Залізничного районів,"79022, м. Львів, вул. І. Виговського, 7а",23.97031875,49.82882395,620.0,634,89.56,7.079053148727111,Середня загальноосвітня школа №1 м. Львова,2002.641791044776,155.0,8.296875,63.53125,0.0,125.03191489361703,7.609756097560975,42.46808510638298,147.85714285714286,7.230769230769231,30.107142857142858,184.5,10.0,51.5,143.0,7.0,33.0,141.04761904761904,7.166666666666667,43.523809523809526,141.0,6.785714285714286,45.2,142.4,8.192307692307692,42.82857142857143,,,,89.66666666666667,,28.333333333333332,,,
0.6104985872248057,97_left,141_right,20823778,Середня загальноосвітня школа №84 ім. Блаженної Йосафати Гордашевської,Середня загальноосвітня школа №84 імені Блаженної Йосафати Гордашевської,Середня загальноосвітня школа №84 імені Блаженної Йосафати Гордашевської,Сихівський,Відділ освіти Сихівського та Личаківського районів,"79066, м. Львів, вул. Зубрівська, 30",24.0597612,49.79773581,1200.0,915,125.4,7.296650717703349,Середня загальноосвітня школа №84 імені Блаженної Йосафати Гордашевської,2002.8387096774193,172.06666666666666,9.8,75.83333333333333,0.0,150.21428571428572,7.9,47.0,154.13636363636363,7.619047619047619,31.681818181818183,170.0,12.0,43.0,173.0,10.0,51.0,158.16666666666666,8.8,51.333333333333336,108.66666666666667,5.5,36.5,166.12,10.05,54.32,,,,,,,,,
0.23627295098358417,98_left,142_right,20834434,Середня загальноосвітня школа №86,Середня загальноосвітня школа №86,Середня загальноосвітня школа І-ІІІ ступенів №86,Сихівський,Відділ освіти Сихівського та Личаківського районів,"79031, м. Львів, вул. Ф. Скорини, 34",24.02663938,49.79689476,800.0,619,87.94,7.038890152376621,Середня загальноосвітня школа №86,2002.6052631578948,164.44736842105263,8.736842105263158,69.42105263157895,0.0,139.08928571428572,8.076923076923077,47.5,133.22222222222223,7.0588235294117645,26.88888888888889,189.0,11.0,55.0,152.0,8.0,38.0,145.88888888888889,6.714285714285714,41.666666666666664,144.0,7.0,46.111111111111114,154.47826086956522,8.238095238095237,46.30434782608695,,,,,,,,,
0.041711421515256954,99_left,118_right,23888672,Середня загальноосвітня школа №87,Середня загальноосвітня школа №87 м. Львова,Середня загальноосвітня школа №87 м. Львова,Галицький,Відділ освіти Галицького та Франківського районів,"79019, м. Львів, вул. Замарстинівська, 11",24.02671884,49.84996002,700.0,618,86.01,7.1852110219741885,Середня загальноосвітня школа №1 м. Львова,2002.641791044776,155.0,8.296875,63.53125,0.0,125.03191489361703,7.609756097560975,42.46808510638298,147.85714285714286,7.230769230769231,30.107142857142858,184.5,10.0,51.5,143.0,7.0,33.0,141.04761904761904,7.166666666666667,43.523809523809526,141.0,6.785714285714286,45.2,142.4,8.192307692307692,42.82857142857143,,,,89.66666666666667,,28.333333333333332,,,
0.13666701361859193,100_left,117_right,22336887,Середня загальноосвітня школа №9,Середня загальноосвітня школа №9,Середня загальноосвітня школа №9,Галицький,Відділ освіти Галицького та Франківського районів,"79000, м. Львів, вул. М. Коперника, 40",24.02240569,49.83621436,600.0,435,71.11,6.117283082548165,Середня загальноосвітня школа № 9 м. Львова,2002.6315789473683,148.22222222222223,8.0,58.77777777777778,0.0,134.83333333333334,7.3125,39.611111111111114,155.9047619047619,7.904761904761905,32.80952380952381,147.5,8.0,29.75,147.5,8.0,35.5,148.83333333333334,7.0,44.666666666666664,122.8,7.25,47.0,149.72727272727272,8.19047619047619,46.13636363636363,,,,197.0,,69.0,,,
0.13666701361859193,101_left,143_right,22336054,Середня загальноосвітня школа №90,Середня загальноосвітня школа №90,Середня загальноосвітня школа №90 міста Львова,Сихівський,Відділ освіти Сихівського та Личаківського районів,"79066, м. Львів, вул. Б. Антоненка-Давидовича, 2",24.06271944,49.79130821,1176.0,1168,126.22,9.253684043733164,Середня загальноосвітня школа №90 м. Львова,2002.686274509804,168.32291666666666,9.25,73.08333333333333,0.0,158.82608695652175,9.136363636363637,55.52173913043478,145.79310344827587,7.333333333333333,29.24137931034483,149.0,5.0,31.0,149.0,7.0,36.0,145.33333333333334,8.0,43.833333333333336,156.66666666666666,7.8,53.77777777777778,149.74358974358975,8.25,46.41025641025641,,,,,,,,,
0.041711421515256954,102_left,118_right,22350367,Середня загальноосвітня школа №92,Середня загальноосвітня школа №92 м. Львова,Середня загальноосвітня школа №92,Шевченківський,Відділ освіти Шевченківського та Залізничного районів,"79069, м. Львів, вул. Т. Шевченка, 390",23.94783951,49.87231733,1344.0,1327,155.3,8.54475209272376,Середня загальноосвітня школа №1 м. Львова,2002.641791044776,155.0,8.296875,63.53125,0.0,125.03191489361703,7.609756097560975,42.46808510638298,147.85714285714286,7.230769230769231,30.107142857142858,184.5,10.0,51.5,143.0,7.0,33.0,141.04761904761904,7.166666666666667,43.523809523809526,141.0,6.785714285714286,45.2,142.4,8.192307692307692,42.82857142857143,,,,89.66666666666667,,28.333333333333332,,,
0.23627295098358417,103_left,145_right,22336278,Середня загальноосвітня школа №95,Середня загальноосвітня школа №95,Середня загальноосвітня школа №95,Сихівський,Відділ освіти Сихівського та Личаківського районів,"79066, м. Львів, вул. І. Кавалерідзе, 15",24.067462300000003,49.79160533,900.0,663,135.28,4.900946185688942,Середня загальноосвітня школа №95,2002.7142857142858,167.0,9.157894736842104,72.05263157894737,0.0,123.75,7.5,42.25,140.125,8.23076923076923,32.0,181.0,11.0,49.0,167.0,,47.0,136.66666666666666,7.0,42.333333333333336,142.66666666666666,7.5,45.333333333333336,160.5,8.636363636363637,49.583333333333336,,,,,,,,,
0.045462653702700785,104_left,146_right,20821532,Середня загальноосвітня школа №96,Середня загальноосвітня школа №96,Середня загальноосвітня школа №96 МЖК-1,Сихівський,Відділ освіти Сихівського та Личаківського районів,"79070, м. Львів, вул. О. Довженка, 13",24.05488977,49.80033487,999.0,795,109.9,7.233848953594175,Середня загальноосвітня школа №96 МЖК-1,2002.7297297297298,162.07432432432432,8.932432432432432,69.12162162162163,0.0,147.7375,9.083333333333334,52.325,150.11627906976744,7.15,29.627906976744185,,,,98.66666666666667,6.5,28.666666666666668,163.5,7.75,52.9,146.88888888888889,8.4,48.94444444444444,155.9375,8.360655737704919,47.0625,,,,,,,,,
0.041711421515256954,105_left,118_right,23888703,Середня загальноосвітня школа №97,Середня загальноосвітня школа №97 м. Львова,Середня загальноосвітня школа №97 м. Львова,Шевченківський,Відділ освіти Шевченківського та Залізничного районів,"79059, м. Львів, вул. І.Миколайчука, 18",24.03992021,49.87756219,886.0,948,128.81,7.359677043707785,Середня загальноосвітня школа №1 м. Львова,2002.641791044776,155.0,8.296875,63.53125,0.0,125.03191489361703,7.609756097560975,42.46808510638298,147.85714285714286,7.230769230769231,30.107142857142858,184.5,10.0,51.5,143.0,7.0,33.0,141.04761904761904,7.166666666666667,43.523809523809526,141.0,6.785714285714286,45.2,142.4,8.192307692307692,42.82857142857143,,,,89.66666666666667,,28.333333333333332,,,
0.041711421515256954,106_left,118_right,22335936,Середня загальноосвітня школа №98,Середня загальноосвітня школа №98 м. Львова,Середня загальноосвітня школа №98 м. Львова,Сихівський,Відділ освіти Сихівського та Личаківського районів,"79049, м. Львів, вул. К. Трильовського, 12",24.06262676,49.78556124,1110.0,1171,140.78,8.317942889615002,Середня загальноосвітня школа №1 м. Львова,2002.641791044776,155.0,8.296875,63.53125,0.0,125.03191489361703,7.609756097560975,42.46808510638298,147.85714285714286,7.230769230769231,30.107142857142858,184.5,10.0,51.5,143.0,7.0,33.0,141.04761904761904,7.166666666666667,43.523809523809526,141.0,6.785714285714286,45.2,142.4,8.192307692307692,42.82857142857143,,,,89.66666666666667,,28.333333333333332,,,
0.3358788883485764,107_left,149_right,23888695,Середня загальноосвітня школа №99,Середня загальноосвітня школа №99 м. Львова,Середня загальноосвітня школа №99 м. Львова,Шевченківський,Відділ освіти Шевченківського та Залізничного районів,"79037, м. Львів, вул. Творча, 1",24.05224869,49.86960793,1479.0,1250,147.19,8.492424757116654,Середня загальноосвітня школа №99 м.Львова,2002.7391304347825,162.13636363636363,8.909090909090908,67.75,0.0,162.94736842105263,9.764705882352942,58.26315789473684,135.32258064516128,6.733333333333333,26.032258064516128,126.0,5.0,20.5,155.0,8.5,40.666666666666664,156.66666666666666,8.4,50.083333333333336,134.57142857142858,7.4,45.142857142857146,139.39285714285714,7.954545454545454,41.892857142857146,,,,,,,,,
0.009603210896681393,108_left,76_right,20834204,Ліцей №17,Ліцей №17,Середня загальноосвітня школа І-ІІІ ст. №17,Франківський,Відділ освіти Галицького та Франківського районів,"79044, м. Львів, вул. А. Мельника, 1/3",24.00234958,49.83210848,600.0,362,65.86,5.496507743698754,Ліцей №17 Львівської міської ради,2002.5666666666666,151.35714285714286,8.071428571428571,62.107142857142854,0.0,132.625,8.428571428571429,46.75,145.05263157894737,7.473684210526316,30.05263157894737,168.0,9.0,42.0,115.0,,19.0,164.0,8.333333333333334,53.0,149.66666666666666,7.0,50.0,136.5,7.526315789473684,41.6,,,,165.0,,52.0,,,
0.4993061459339286,109_left,107_right,23888531,Середня загальноосвітня школа І-ІІІ ст. №20,Середня загальноосвітня школа І-ІІІ ступенів №20 м. Львова,Середня загальноосвітня школа №20 м. Львова,Шевченківський,Відділ освіти Шевченківського та Залізничного районів,"79019, м. Львів, вул. К. Скидана, 18",24.03661188,49.85471158,450.0,237,51.0,4.647058823529412,Середня загальноосвітня школа І-ІІІ ступенів №20 м. Львова,2002.6666666666667,110.21428571428571,7.071428571428571,49.214285714285715,0.0,93.77272727272727,6.0,33.09090909090909,133.25,6.333333333333333,21.25,,,,,,,140.8,6.666666666666667,40.1,117.77777777777777,6.333333333333333,37.666666666666664,132.5,4.0,34.5,,,,,,,,,
0.509340479122728,110_left,109_right,20834291,Середня загальноосвітня школа І-ІІІ ст. №31,Середня загальноосвітня школа І-ІІІ ступенів №31 м. Львова,Середня загальноосвітня школа №31 м. Львова,Франківський,Відділ освіти Галицького та Франківського районів,"79053, м. Львів, вул. Княгині Ольги, 104",23.99961333,49.81157061,680.0,587,82.94,7.077405353267423,Середня загальноосвітня школа І-ІІІ ступенів №31 м.Львова,2002.6341463414635,149.125,8.1,63.15,0.0,131.1304347826087,7.55,41.65217391304348,147.2,7.416666666666667,29.88,146.66666666666666,8.0,31.333333333333332,148.5,,36.5,145.625,7.285714285714286,44.0,146.25,7.545454545454546,51.8125,124.6,6.461538461538462,33.666666666666664,177.0,10.0,58.0,183.0,11.0,61.0,,,
0.509340479122728,111_left,110_right,20834316,Середня загальноосвітня школа І-ІІІ ст. №36,Середня загальноосвітня школа І-ІІІ ступенів №36 м. Львова,Середня загальноосвітня школа №36 м. Львова,Франківський,Відділ освіти Галицького та Франківського районів,"79053, м. Львів, вул. Володимира Великого, 55б",24.00084669,49.80758596,1000.0,1001,124.75,8.024048096192384,Середня загальноосвітня школа І-ІІІ ступенів №36 м.Львова,2002.764705882353,145.3939393939394,7.545454545454546,57.24242424242424,0.0,142.89473684210526,8.38888888888889,48.1578947368421,113.33333333333333,5.705882352941177,18.714285714285715,119.0,,18.0,152.0,8.0,38.0,141.4,7.0,41.0,132.5,4.5,40.25,125.88461538461539,6.956521739130435,36.61538461538461,,,,,,,,,
0.509340479122728,112_left,112_right,20834345,Середня загальноосвітня школа І-ІІІ ст. №48,Середня загальноосвітня школа І-ІІІ ступенів №48 м. Львова,Середня загальноосвітня школа І-ІІІ ступенів №48 з вивченням іноземних мов та інформаційних технологій,Франківський,Відділ освіти Галицького та Франківського районів,"79026, м. Львів, вул. І. Рубчака, 8",24.01478248,49.8061218,650.0,674,82.22,8.197518851860861,Середня загальноосвітня школа І-ІІІ ступенів №48 м. Львова,2002.7428571428572,165.27142857142857,9.428571428571429,73.02857142857142,0.0,149.8,9.421052631578947,59.8,154.33333333333334,7.9411764705882355,31.555555555555557,138.0,5.0,24.333333333333332,,,,156.5,8.333333333333334,49.375,140.0,9.0,45.0,153.5185185185185,8.72,47.592592592592595,,,,,,,,,
-0.11973799749718693,113_left,115_right,20834374,Середня загальноосвітня школа І-ІІІ ст. №55,"Середня загальноосвітня школа І-ІІІ ступенів №55 м. Львова, що знаходиться у комунальній власності Львівської міської ради",Середня загальноосвітня школа І-ІІІ ступенів №55 м. Львова,Франківський,Відділ освіти Галицького та Франківського районів,"79013, м. Львів, вул. С. Бандери, 91",24.00467276,49.83578355,660.0,668,92.22,7.243548037302103,Середня загальноосвітня школа І-ІІІ ступенів №55 м.Львова,2001.9782608695652,151.22222222222223,8.444444444444445,61.111111111111114,0.0,128.30434782608697,7.136363636363637,39.869565217391305,147.34615384615384,7.6,30.26923076923077,133.0,5.333333333333333,23.0,146.66666666666666,8.5,35.666666666666664,153.0,7.4,46.857142857142854,147.33333333333334,7.375,48.75,137.55555555555554,7.666666666666667,40.96296296296296,,,,,,,,,
0.29560884795320275,114_left,87_right,23887247,Ліцей №6,Ліцей №6 Львівської міської ради,Середня загальноосвітня школа І-ІІІ ст. №6,Личаківський,Відділ освіти Сихівського та Личаківського районів,"79005, м. Львів, вул. Зелена, 22",24.03893282,49.8327662,820.0,318,54.06,5.882352941176469,Ліцей №6 Львівської міської ради,2002.7857142857142,144.57142857142858,8.142857142857142,59.142857142857146,0.0,153.8,8.4,50.6,160.77777777777777,8.333333333333334,35.44444444444444,167.0,9.0,39.0,179.0,8.0,57.5,171.0,10.5,59.0,103.0,4.0,26.0,167.44444444444446,9.444444444444445,53.22222222222222,,,,,,,,,
0.20930330365421917,115_left,107_right,23888689,Середня загальноосвітня школа І-ІІІ ст. №91,Середня загальноосвітня школа І-ІІІ ступенів №91 м. Львова,Середня загальноосвітня школа №91 міста Львова,Шевченківський,Відділ освіти Шевченківського та Залізничного районів,"79020, м. Львів, вул. Варшавська, 58",24.0109918,49.85992614,1100.0,1204,130.61,9.218283439246608,Середня загальноосвітня школа І-ІІІ ступенів №20 м. Львова,2002.6666666666667,110.21428571428571,7.071428571428571,49.214285714285715,0.0,93.77272727272727,6.0,33.09090909090909,133.25,6.333333333333333,21.25,,,,,,,140.8,6.666666666666667,40.1,117.77777777777777,6.333333333333333,37.666666666666664,132.5,4.0,34.5,,,,,,,,,
-0.12004746987583031,116_left,106_right,23888620,Середня спеціалізована загальноосвітня школа І-ІІІ ст. №54 ім. Квітки Цісик,Середня спеціалізована загальноосвітня школа І-ІІІ ступеня №54 імені Квітки Цісик м. Львова,Середня загальноосвітня школа №54 м. Львова,Шевченківський,Відділ освіти Шевченківського та Залізничного районів,"79059, м. Львів, вул. М. Хвильового, 16",24.03945975,49.86896887,1384.0,1216,134.13,9.06583165585626,Середня загальноосвітня школа І-ІІІ ступеня №91 м.Львова,2002.758064516129,164.172131147541,8.868852459016393,69.39344262295081,0.0,159.83333333333334,9.56,55.96296296296296,145.20454545454547,7.1,27.977272727272727,,,,,,,156.0,9.666666666666666,49.81818181818182,129.6875,7.0,41.9375,159.78,8.977777777777778,50.18,,,,,,,,,
